Week,ID,Replicate,Treatment,Stressor_app,Light_level,Light_conc,Diuron_level,Diuron_conc,Combined,Biomass_initial,Biomass_final,Proportion_biomass_change,Light_conc1,Light_conc2,Diuron_conc1,Diuron_conc2,Light_maxlow,Diuron_maxhigh
1,0A,1,0,StaticStatic,high,100,low,0,HLLD,0.7052,0.6702,-0.04963131,100,100,0,0,100,0
1,0B,2,0,StaticStatic,high,100,low,0,HLLD,0.4481,0.3275,-0.269136353,100,100,0,0,100,0
1,0C,3,0,StaticStatic,high,100,low,0,HLLD,0.494,0.5428,0.098785425,100,100,0,0,100,0
2,0F,6,0,StaticStatic,high,100,low,0,HLLD,0.3378,0.4076,0.206631143,100,100,0,0,100,0
2,0D,4,0,StaticStatic,high,100,low,0,HLLD,0.2677,0.237,-0.114680613,100,100,0,0,100,0
2,0E,5,0,StaticStatic,high,100,low,0,HLLD,0.288,0.3374,0.171527778,100,100,0,0,100,0
3,0G,7,0,StaticStatic,high,100,low,0,HLLD,0.2384,0.2818,0.18204698,100,100,0,0,100,0
3,0H,8,0,StaticStatic,high,100,low,0,HLLD,0.2039,0.237,0.162334478,100,100,0,0,100,0
3,0I,9,0,StaticStatic,high,100,low,0,HLLD,0.2567,0.2131,-0.169848072,100,100,0,0,100,0
4,0L,12,0,StaticStatic,high,100,low,0,HLLD,0.4945,0.6166,0.246916077,100,100,0,0,100,0
4,0J,10,0,StaticStatic,high,100,low,0,HLLD,0.5648,0.3982,-0.294971671,100,100,0,0,100,0
4,0K,11,0,StaticStatic,high,100,low,0,HLLD,0.6846,0.6038,-0.118025124,100,100,0,0,100,0
1,1A,1,1,StaticStatic,high,100,medium,1,HLMD,0.1735,0.1289,-0.257060519,100,100,1,1,100,1
1,1B,2,1,StaticStatic,high,100,medium,1,HLMD,0.6651,0.7478,0.124342204,100,100,1,1,100,1
1,1C,3,1,StaticStatic,high,100,medium,1,HLMD,0.6477,0.6222,-0.039370079,100,100,1,1,100,1
2,1F,6,1,StaticStatic,high,100,medium,1,HLMD,0.2816,0.3266,0.159801136,100,100,1,1,100,1
2,1D,4,1,StaticStatic,high,100,medium,1,HLMD,0.1463,0.1475,0.008202324,100,100,1,1,100,1
2,1E,5,1,StaticStatic,high,100,medium,1,HLMD,0.0841,0.0253,-0.699167658,100,100,1,1,100,1
3,1G,7,1,StaticStatic,high,100,medium,1,HLMD,0.1373,0,-1,100,100,1,1,100,1
3,1H,8,1,StaticStatic,high,100,medium,1,HLMD,0.1265,0,-1,100,100,1,1,100,1
3,1I,9,1,StaticStatic,high,100,medium,1,HLMD,0.1123,0.0326,-0.709706144,100,100,1,1,100,1
4,1L,12,1,StaticStatic,high,100,medium,1,HLMD,0.5097,0.485,-0.048459878,100,100,1,1,100,1
4,IJ,10,1,StaticStatic,high,100,medium,1,HLMD,0.3185,0.3433,0.077864992,100,100,1,1,100,1
4,IK,11,1,StaticStatic,high,100,medium,1,HLMD,0.2542,0.2861,0.125491739,100,100,1,1,100,1
1,2A,1,2,StaticStatic,high,100,high,2,HLHD,0.5268,0.4038,-0.233485194,100,100,2,2,100,2
1,2B,2,2,StaticStatic,high,100,high,2,HLHD,0.5508,0.4954,-0.100580973,100,100,2,2,100,2
1,2C,3,2,StaticStatic,high,100,high,2,HLHD,0.2104,0.26,0.235741445,100,100,2,2,100,2
2,2F,6,2,StaticStatic,high,100,high,2,HLHD,0.115,0.1111,-0.033913043,100,100,2,2,100,2
2,2D,4,2,StaticStatic,high,100,high,2,HLHD,0.4441,0.3902,-0.121369061,100,100,2,2,100,2
2,2E,5,2,StaticStatic,high,100,high,2,HLHD,0.1712,0.1285,-0.249415888,100,100,2,2,100,2
3,2G,7,2,StaticStatic,high,100,high,2,HLHD,0.1454,0.1302,-0.104539202,100,100,2,2,100,2
3,2H,8,2,StaticStatic,high,100,high,2,HLHD,0.3703,0.2778,-0.249797462,100,100,2,2,100,2
3,2I,9,2,StaticStatic,high,100,high,2,HLHD,0.1456,0.139,-0.04532967,100,100,2,2,100,2
4,2L,12,2,StaticStatic,high,100,high,2,HLHD,0.1747,0.1792,0.025758443,100,100,2,2,100,2
4,2J,10,2,StaticStatic,high,100,high,2,HLHD,0.2531,0.34,0.343342552,100,100,2,2,100,2
4,2K,11,2,StaticStatic,high,100,high,2,HLHD,0.7152,0.5191,-0.274189038,100,100,2,2,100,2
1,3A,1,3,StaticStatic,medium,75,low,0,MLLD,0.6378,0.6382,0.000627156,75,75,0,0,75,0
1,3B,2,3,StaticStatic,medium,75,low,0,MLLD,0.8467,0.3456,-0.591827093,75,75,0,0,75,0
1,3C,3,3,StaticStatic,medium,75,low,0,MLLD,0.1469,0,-1,75,75,0,0,75,0
2,3F,6,3,StaticStatic,medium,75,low,0,MLLD,0.2749,0.2127,-0.226264096,75,75,0,0,75,0
2,3D,4,3,StaticStatic,medium,75,low,0,MLLD,0.2172,0.1806,-0.168508287,75,75,0,0,75,0
2,3E,5,3,StaticStatic,medium,75,low,0,MLLD,0.1325,0.0742,-0.44,75,75,0,0,75,0
3,3G,7,3,StaticStatic,medium,75,low,0,MLLD,0.249,0.2441,-0.019678715,75,75,0,0,75,0
3,3H,8,3,StaticStatic,medium,75,low,0,MLLD,0.2194,0.2981,0.358705561,75,75,0,0,75,0
3,3I,9,3,StaticStatic,medium,75,low,0,MLLD,0.129,0.1122,-0.130232558,75,75,0,0,75,0
4,3L,12,3,StaticStatic,medium,75,low,0,MLLD,0.1687,0.1876,0.112033195,75,75,0,0,75,0
4,3J,10,3,StaticStatic,medium,75,low,0,MLLD,0.4628,0.4831,0.04386344,75,75,0,0,75,0
4,3K,11,3,StaticStatic,medium,75,low,0,MLLD,0.3745,0.4656,0.243257677,75,75,0,0,75,0
1,4A,1,4,StaticStatic,low,25,low,0,LLLD,0.792,0.9189,0.160227273,25,25,0,0,25,0
1,4B,2,4,StaticStatic,low,25,low,0,LLLD,0.7922,0.6642,-0.16157536,25,25,0,0,25,0
1,4C,3,4,StaticStatic,low,25,low,0,LLLD,0.1767,0.2163,0.224108659,25,25,0,0,25,0
2,4F,6,4,StaticStatic,low,25,low,0,LLLD,0.3362,0.2867,-0.147233789,25,25,0,0,25,0
2,4D,4,4,StaticStatic,low,25,low,0,LLLD,0.1174,0.0874,-0.255536627,25,25,0,0,25,0
2,4E,5,4,StaticStatic,low,25,low,0,LLLD,0.1379,0.1012,-0.26613488,25,25,0,0,25,0
3,4G,7,4,StaticStatic,low,25,low,0,LLLD,0.2597,0.1218,-0.530997305,25,25,0,0,25,0
3,4H,8,4,StaticStatic,low,25,low,0,LLLD,0.2203,0.1923,-0.12709941,25,25,0,0,25,0
3,4I,9,4,StaticStatic,low,25,low,0,LLLD,0.1724,0.1115,-0.35324826,25,25,0,0,25,0
4,4L,12,4,StaticStatic,low,25,low,0,LLLD,0.2633,0.2659,0.009874668,25,25,0,0,25,0
4,4J,10,4,StaticStatic,low,25,low,0,LLLD,0.362,0.1732,-0.521546961,25,25,0,0,25,0
4,4K,11,4,StaticStatic,low,25,low,0,LLLD,0.506,0.4367,-0.136956522,25,25,0,0,25,0
1,5A,1,5,StaticStatic,medium,75,medium,1,MLMD,0.501,0.1338,-0.732934132,75,75,1,1,75,1
1,5B,2,5,StaticStatic,medium,75,medium,1,MLMD,0.788,0.444,-0.436548223,75,75,1,1,75,1
1,5C,3,5,StaticStatic,medium,75,medium,1,MLMD,0.1763,0.0645,-0.634146341,75,75,1,1,75,1
2,5F,6,5,StaticStatic,medium,75,medium,1,MLMD,0.4252,0.3907,-0.081138288,75,75,1,1,75,1
2,5D,4,5,StaticStatic,medium,75,medium,1,MLMD,0.0855,0.0759,-0.112280702,75,75,1,1,75,1
2,5E,5,5,StaticStatic,medium,75,medium,1,MLMD,0.1398,0.1377,-0.015021459,75,75,1,1,75,1
3,5G,7,5,StaticStatic,medium,75,medium,1,MLMD,0.1612,0.0963,-0.402605459,75,75,1,1,75,1
3,5H,8,5,StaticStatic,medium,75,medium,1,MLMD,0.2867,0.1893,-0.339727939,75,75,1,1,75,1
3,5I,9,5,StaticStatic,medium,75,medium,1,MLMD,0.1546,0.1104,-0.285899094,75,75,1,1,75,1
4,5L,12,5,StaticStatic,medium,75,medium,1,MLMD,0.6792,0.7684,0.131330978,75,75,1,1,75,1
4,5J,10,5,StaticStatic,medium,75,medium,1,MLMD,0.2131,0.1914,-0.101830127,75,75,1,1,75,1
4,5K,11,5,StaticStatic,medium,75,medium,1,MLMD,0.3432,0.394,0.148018648,75,75,1,1,75,1
1,6A,1,6,StaticStatic,low,25,medium,1,LLMD,0.4411,0,-1,25,25,1,1,25,1
1,6B,2,6,StaticStatic,low,25,medium,1,LLMD,0.504,0,-1,25,25,1,1,25,1
1,6C,3,6,StaticStatic,low,25,medium,1,LLMD,0.1886,0.1278,-0.322375398,25,25,1,1,25,1
2,6F,6,6,StaticStatic,low,25,medium,1,LLMD,0.1297,0.1571,0.211256746,25,25,1,1,25,1
2,6D,4,6,StaticStatic,low,25,medium,1,LLMD,0.2001,0.203,0.014492754,25,25,1,1,25,1
2,6E,5,6,StaticStatic,low,25,medium,1,LLMD,0.2842,0.3733,0.313511612,25,25,1,1,25,1
3,6G,7,6,StaticStatic,low,25,medium,1,LLMD,0.2467,0,-1,25,25,1,1,25,1
3,6H,8,6,StaticStatic,low,25,medium,1,LLMD,0.37,0.164,-0.556756757,25,25,1,1,25,1
3,6I,9,6,StaticStatic,low,25,medium,1,LLMD,0.1323,0.0745,-0.436885865,25,25,1,1,25,1
4,6L,12,6,StaticStatic,low,25,medium,1,LLMD,0.4647,0.4105,-0.116634388,25,25,1,1,25,1
4,6J,10,6,StaticStatic,low,25,medium,1,LLMD,0.3472,0.1619,-0.533698157,25,25,1,1,25,1
4,6K,11,6,StaticStatic,low,25,medium,1,LLMD,0.7463,0.4553,-0.389923623,25,25,1,1,25,1
1,7A,1,7,StaticStatic,medium,75,high,2,MLHD,0.7724,0.4226,-0.452874158,75,75,2,2,75,2
1,7B,2,7,StaticStatic,medium,75,high,2,MLHD,0.8531,0.6535,-0.233970226,75,75,2,2,75,2
1,7C,3,7,StaticStatic,medium,75,high,2,MLHD,0.1756,0.1296,-0.261958998,75,75,2,2,75,2
2,7F,6,7,StaticStatic,medium,75,high,2,MLHD,0.2272,0.2568,0.13028169,75,75,2,2,75,2
2,7D,4,7,StaticStatic,medium,75,high,2,MLHD,0.1856,0.1626,-0.123922414,75,75,2,2,75,2
2,7E,5,7,StaticStatic,medium,75,high,2,MLHD,0.1603,0.1046,-0.347473487,75,75,2,2,75,2
3,7G,7,7,StaticStatic,medium,75,high,2,MLHD,0.2819,0.2643,-0.062433487,75,75,2,2,75,2
3,7H,8,7,StaticStatic,medium,75,high,2,MLHD,0.1477,0.12,-0.187542316,75,75,2,2,75,2
3,7I,9,7,StaticStatic,medium,75,high,2,MLHD,0.1549,0.1141,-0.263395739,75,75,2,2,75,2
4,7L,12,7,StaticStatic,medium,75,high,2,MLHD,0.3861,0.3596,-0.068635069,75,75,2,2,75,2
4,7J,10,7,StaticStatic,medium,75,high,2,MLHD,0.3661,0.4311,0.177547118,75,75,2,2,75,2
4,7K,11,7,StaticStatic,medium,75,high,2,MLHD,0.621,0.6009,-0.03236715,75,75,2,2,75,2
1,8A,1,8,StaticStatic,low,25,high,2,LLHD,0.4608,0.321,-0.303385417,25,25,2,2,25,2
1,8B,2,8,StaticStatic,low,25,high,2,LLHD,0.3483,0.3504,0.006029285,25,25,2,2,25,2
1,8C,3,8,StaticStatic,low,25,high,2,LLHD,0.3524,0.3108,-0.118047673,25,25,2,2,25,2
2,8F,6,8,StaticStatic,low,25,high,2,LLHD,0.2142,0.2191,0.022875817,25,25,2,2,25,2
2,8D,4,8,StaticStatic,low,25,high,2,LLHD,0.1197,0.0904,-0.244778613,25,25,2,2,25,2
2,8E,5,8,StaticStatic,low,25,high,2,LLHD,0.091,0.0758,-0.167032967,25,25,2,2,25,2
3,8G,7,8,StaticStatic,low,25,high,2,LLHD,0.294,0.2617,-0.109863946,25,25,2,2,25,2
3,8H,8,8,StaticStatic,low,25,high,2,LLHD,0.2188,0.2197,0.004113346,25,25,2,2,25,2
3,8I,9,8,StaticStatic,low,25,high,2,LLHD,0.2319,0.1867,-0.1949116,25,25,2,2,25,2
4,8L,12,8,StaticStatic,low,25,high,2,LLHD,0.1556,0.1765,0.134318766,25,25,2,2,25,2
4,8J,10,8,StaticStatic,low,25,high,2,LLHD,0.3065,0.2922,-0.046655791,25,25,2,2,25,2
4,8K,11,8,StaticStatic,low,25,high,2,LLHD,0.1853,0.1307,-0.294657312,25,25,2,2,25,2
1,9A,1,9,StaticFlux,high,100,medium,1,HLMD,0.5113,0.6177,0.208097008,100,100,2,0,100,2
1,9B,2,9,StaticFlux,high,100,medium,1,HLMD,0.6085,0.2527,-0.584716516,100,100,2,0,100,2
1,9C,3,9,StaticFlux,high,100,medium,1,HLMD,0.2949,0.1822,-0.382163445,100,100,2,0,100,2
2,9F,6,9,StaticFlux,high,100,medium,1,HLMD,0.1524,0.0944,-0.380577428,100,100,2,0,100,2
2,9D,4,9,StaticFlux,high,100,medium,1,HLMD,0.1355,0.0854,-0.369741697,100,100,2,0,100,2
2,9E,5,9,StaticFlux,high,100,medium,1,HLMD,0.1877,0.1218,-0.351092168,100,100,2,0,100,2
3,9G,7,9,StaticFlux,high,100,medium,1,HLMD,0.1963,0.1359,-0.307692308,100,100,2,0,100,2
3,9H,8,9,StaticFlux,high,100,medium,1,HLMD,0.1122,0.0313,-0.721033868,100,100,2,0,100,2
3,9I,9,9,StaticFlux,high,100,medium,1,HLMD,0.2193,0.0858,-0.60875513,100,100,2,0,100,2
4,9L,12,9,StaticFlux,high,100,medium,1,HLMD,0.2738,0.3891,0.421110299,100,100,2,0,100,2
4,9J,10,9,StaticFlux,high,100,medium,1,HLMD,0.5262,0.4337,-0.175788674,100,100,2,0,100,2
4,9K,11,9,StaticFlux,high,100,medium,1,HLMD,0.2382,0.2797,0.174223342,100,100,2,0,100,2
1,10A,1,10,StaticFlux,medium,75,medium,1,MLMD,0.3295,0.2869,-0.129286798,75,75,2,0,75,2
1,10B,2,10,StaticFlux,medium,75,medium,1,MLMD,0.6859,0.2808,-0.590610876,75,75,2,0,75,2
1,10C,3,10,StaticFlux,medium,75,medium,1,MLMD,0.1155,0.0825,-0.285714286,75,75,2,0,75,2
2,10F,6,10,StaticFlux,medium,75,medium,1,MLMD,0.1884,0.217,0.151804671,75,75,2,0,75,2
2,10D,4,10,StaticFlux,medium,75,medium,1,MLMD,0.0979,0.0738,-0.246169561,75,75,2,0,75,2
2,10E,5,10,StaticFlux,medium,75,medium,1,MLMD,0.1019,0.0481,-0.527968597,75,75,2,0,75,2
3,10G,7,10,StaticFlux,medium,75,medium,1,MLMD,0.2024,0.2338,0.15513834,75,75,2,0,75,2
3,10H,8,10,StaticFlux,medium,75,medium,1,MLMD,0.2348,0.4145,0.765332198,75,75,2,0,75,2
3,10I,9,10,StaticFlux,medium,75,medium,1,MLMD,0.1408,0.0808,-0.426136364,75,75,2,0,75,2
4,10L,12,10,StaticFlux,medium,75,medium,1,MLMD,0.3749,0.3906,0.041877834,75,75,2,0,75,2
4,10J,10,10,StaticFlux,medium,75,medium,1,MLMD,0.966,0.932,-0.035196687,75,75,2,0,75,2
4,10K,11,10,StaticFlux,medium,75,medium,1,MLMD,0.3566,0.3564,-0.000560852,75,75,2,0,75,2
1,11A,1,11,StaticFlux,low,25,medium,1,LLMD,0.587,0.4226,-0.280068143,25,25,2,0,25,2
1,11B,2,11,StaticFlux,low,25,medium,1,LLMD,0.286,0.1709,-0.402447552,25,25,2,0,25,2
1,11C,3,11,StaticFlux,low,25,medium,1,LLMD,0.3045,0.2555,-0.16091954,25,25,2,0,25,2
2,11F,6,11,StaticFlux,low,25,medium,1,LLMD,0.3638,0.4363,0.199285322,25,25,2,0,25,2
2,11D,4,11,StaticFlux,low,25,medium,1,LLMD,0.2055,0.1652,-0.196107056,25,25,2,0,25,2
2,11E,5,11,StaticFlux,low,25,medium,1,LLMD,0.3415,0.1918,-0.438360176,25,25,2,0,25,2
3,11G,7,11,StaticFlux,low,25,medium,1,LLMD,0.1889,0.0792,-0.580730545,25,25,2,0,25,2
3,11H,8,11,StaticFlux,low,25,medium,1,LLMD,0.1389,0.0851,-0.387329014,25,25,2,0,25,2
3,11I,9,11,StaticFlux,low,25,medium,1,LLMD,0.2793,0,-1,25,25,2,0,25,2
4,11L,12,11,StaticFlux,low,25,medium,1,LLMD,0.5162,0.476,-0.077876792,25,25,2,0,25,2
4,11J,10,11,StaticFlux,low,25,medium,1,LLMD,0.416,0.4406,0.059134615,25,25,2,0,25,2
4,11K,11,11,StaticFlux,low,25,medium,1,LLMD,0.2079,0.1624,-0.218855219,25,25,2,0,25,2
1,12A,1,12,StaticFlux,high,100,high,2,HLHD,0.6031,0,-1,100,100,3,1,100,3
1,12B,2,12,StaticFlux,high,100,high,2,HLHD,0.3421,0,-1,100,100,3,1,100,3
1,12C,3,12,StaticFlux,high,100,high,2,HLHD,0.171,0.0334,-0.804678363,100,100,3,1,100,3
2,12F,6,12,StaticFlux,high,100,high,2,HLHD,0.2757,0.3061,0.110264781,100,100,3,1,100,3
2,12D,4,12,StaticFlux,high,100,high,2,HLHD,0.1823,0.0631,-0.653867252,100,100,3,1,100,3
2,12E,5,12,StaticFlux,high,100,high,2,HLHD,0.203,0.171,-0.157635468,100,100,3,1,100,3
3,12G,7,12,StaticFlux,high,100,high,2,HLHD,0.3143,0.5128,0.631562202,100,100,3,1,100,3
3,12H,8,12,StaticFlux,high,100,high,2,HLHD,0.256,0.4348,0.6984375,100,100,3,1,100,3
3,12I,9,12,StaticFlux,high,100,high,2,HLHD,0.2208,0.2875,0.302083333,100,100,3,1,100,3
4,12L,12,12,StaticFlux,high,100,high,2,HLHD,0.6423,0.3745,-0.416939125,100,100,3,1,100,3
4,12J,10,12,StaticFlux,high,100,high,2,HLHD,0.2827,0.3466,0.226034666,100,100,3,1,100,3
4,12K,11,12,StaticFlux,high,100,high,2,HLHD,1.0534,1.0373,-0.015283843,100,100,3,1,100,3
1,13A,1,13,StaticFlux,medium,75,high,2,MLHD,0.4259,0.1534,-0.639821554,75,75,3,1,75,3
1,13B,2,13,StaticFlux,medium,75,high,2,MLHD,0.5448,0.6595,0.210535977,75,75,3,1,75,3
1,13C,3,13,StaticFlux,medium,75,high,2,MLHD,0.0917,0.0775,-0.154852781,75,75,3,1,75,3
2,13F,6,13,StaticFlux,medium,75,high,2,MLHD,0.135,0.1573,0.165185185,75,75,3,1,75,3
2,13D,4,13,StaticFlux,medium,75,high,2,MLHD,0.3214,0.1297,-0.596453018,75,75,3,1,75,3
2,13E,5,13,StaticFlux,medium,75,high,2,MLHD,0.2652,0.2316,-0.126696833,75,75,3,1,75,3
3,13G,7,13,StaticFlux,medium,75,high,2,MLHD,0.2216,0.2609,0.17734657,75,75,3,1,75,3
3,13H,8,13,StaticFlux,medium,75,high,2,MLHD,0.2036,0.2444,0.200392927,75,75,3,1,75,3
3,13I,9,13,StaticFlux,medium,75,high,2,MLHD,0.1282,0.059,-0.539781591,75,75,3,1,75,3
4,13L,12,13,StaticFlux,medium,75,high,2,MLHD,0.1335,0.1311,-0.017977528,75,75,3,1,75,3
4,13J,10,13,StaticFlux,medium,75,high,2,MLHD,0.225,0.2475,0.1,75,75,3,1,75,3
4,13K,11,13,StaticFlux,medium,75,high,2,MLHD,0.1501,0.1521,0.01332445,75,75,3,1,75,3
1,14A,1,14,StaticFlux,low,25,high,2,LLHD,0.5833,0.4871,-0.16492371,25,25,3,1,25,3
1,14B,2,14,StaticFlux,low,25,high,2,LLHD,0.5507,0.4803,-0.127837298,25,25,3,1,25,3
1,14C,3,14,StaticFlux,low,25,high,2,LLHD,0.2045,0.179,-0.124694377,25,25,3,1,25,3
2,14F,6,14,StaticFlux,low,25,high,2,LLHD,0.4387,0.4313,-0.016868019,25,25,3,1,25,3
2,14D,4,14,StaticFlux,low,25,high,2,LLHD,0.3155,0.3286,0.041521395,25,25,3,1,25,3
2,14E,5,14,StaticFlux,low,25,high,2,LLHD,0.2829,0.2218,-0.215977377,25,25,3,1,25,3
3,14G,7,14,StaticFlux,low,25,high,2,LLHD,0.2038,0.1941,-0.047595682,25,25,3,1,25,3
3,14H,8,14,StaticFlux,low,25,high,2,LLHD,0.2268,0.3267,0.44047619,25,25,3,1,25,3
3,14I,9,14,StaticFlux,low,25,high,2,LLHD,0.1378,0.1477,0.071843251,25,25,3,1,25,3
4,14L,12,14,StaticFlux,low,25,high,2,LLHD,0.2802,0.1645,-0.412919343,25,25,3,1,25,3
4,14J,10,14,StaticFlux,low,25,high,2,LLHD,0.2511,0.1785,-0.289127838,25,25,3,1,25,3
4,14K,11,14,StaticFlux,low,25,high,2,LLHD,0.6436,0.6501,0.010099441,25,25,3,1,25,3
1,15A,1,15,FluxStatic,medium,75,low,0,MLLD,0.3423,0.0895,-0.73853345,50,100,0,0,50,0
1,15B,2,15,FluxStatic,medium,75,low,0,MLLD,0.758,0.6586,-0.131134565,50,100,0,0,50,0
1,15C,3,15,FluxStatic,medium,75,low,0,MLLD,0.2584,0.1428,-0.447368421,50,100,0,0,50,0
2,15F,6,15,FluxStatic,medium,75,low,0,MLLD,0.1912,0.169,-0.116108787,50,100,0,0,50,0
2,15D,4,15,FluxStatic,medium,75,low,0,MLLD,0.1301,0.0557,-0.571867794,50,100,0,0,50,0
2,15E,5,15,FluxStatic,medium,75,low,0,MLLD,0.3491,0.2391,-0.315095961,50,100,0,0,50,0
3,15G,7,15,FluxStatic,medium,75,low,0,MLLD,0.1591,0.1504,-0.05468259,50,100,0,0,50,0
3,15H,8,15,FluxStatic,medium,75,low,0,MLLD,0.1508,0.2133,0.414456233,50,100,0,0,50,0
3,15I,9,15,FluxStatic,medium,75,low,0,MLLD,0.1073,0.1142,0.064305685,50,100,0,0,50,0
4,15L,12,15,FluxStatic,medium,75,low,0,MLLD,0.1967,0.2045,0.039654296,50,100,0,0,50,0
4,15J,10,15,FluxStatic,medium,75,low,0,MLLD,0.7111,0.5819,-0.181690339,50,100,0,0,50,0
4,15K,11,15,FluxStatic,medium,75,low,0,MLLD,0.8742,0.4441,-0.491992679,50,100,0,0,50,0
1,16A,1,16,FluxStatic,low,25,low,0,LLLD,0.4829,0.5227,0.08241872,0,50,0,0,0,0
1,16B,2,16,FluxStatic,low,25,low,0,LLLD,0.4394,0.4334,-0.013654984,0,50,0,0,0,0
1,16C,3,16,FluxStatic,low,25,low,0,LLLD,0.1734,0.1135,-0.34544406,0,50,0,0,0,0
2,16F,6,16,FluxStatic,low,25,low,0,LLLD,0.1608,0.143,-0.110696517,0,50,0,0,0,0
2,16D,4,16,FluxStatic,low,25,low,0,LLLD,0.2313,0,-1,0,50,0,0,0,0
2,16E,5,16,FluxStatic,low,25,low,0,LLLD,0.1405,0.0944,-0.328113879,0,50,0,0,0,0
3,16G,7,16,FluxStatic,low,25,low,0,LLLD,0.2523,0.1425,-0.435196195,0,50,0,0,0,0
3,16H,8,16,FluxStatic,low,25,low,0,LLLD,0.1886,0.1061,-0.437433722,0,50,0,0,0,0
3,16I,9,16,FluxStatic,low,25,low,0,LLLD,0.3191,0.04,-0.874647446,0,50,0,0,0,0
4,16L,12,16,FluxStatic,low,25,low,0,LLLD,0.309,0.2865,-0.072815534,0,50,0,0,0,0
4,16J,10,16,FluxStatic,low,25,low,0,LLLD,0.4336,0.3416,-0.212177122,0,50,0,0,0,0
4,16K,11,16,FluxStatic,low,25,low,0,LLLD,0.3182,0.2196,-0.309868008,0,50,0,0,0,0
1,17A,1,17,FluxStatic,medium,75,medium,1,MLMD,0.307,0.4225,0.376221498,50,100,1,1,50,1
1,17B,2,17,FluxStatic,medium,75,medium,1,MLMD,0.7401,0.4432,-0.401162005,50,100,1,1,50,1
1,17C,3,17,FluxStatic,medium,75,medium,1,MLMD,0.433,0.4393,0.014549654,50,100,1,1,50,1
2,17F,6,17,FluxStatic,medium,75,medium,1,MLMD,0.3006,0.2546,-0.153027279,50,100,1,1,50,1
2,17D,4,17,FluxStatic,medium,75,medium,1,MLMD,0.2233,0.1896,-0.150918047,50,100,1,1,50,1
2,17E,5,17,FluxStatic,medium,75,medium,1,MLMD,0.2284,0.2024,-0.113835377,50,100,1,1,50,1
3,17G,7,17,FluxStatic,medium,75,medium,1,MLMD,0.1658,0.0415,-0.749698432,50,100,1,1,50,1
3,17H,8,17,FluxStatic,medium,75,medium,1,MLMD,0.2872,0,-1,50,100,1,1,50,1
3,17I,9,17,FluxStatic,medium,75,medium,1,MLMD,0.106,0.0729,-0.312264151,50,100,1,1,50,1
4,17L,12,17,FluxStatic,medium,75,medium,1,MLMD,0.372,0.4348,0.168817204,50,100,1,1,50,1
4,17J,10,17,FluxStatic,medium,75,medium,1,MLMD,0.409,0.4436,0.084596577,50,100,1,1,50,1
4,17K,11,17,FluxStatic,medium,75,medium,1,MLMD,0.2669,0.2041,-0.235294118,50,100,1,1,50,1
1,18B,2,18,FluxStatic,low,25,medium,1,LLMD,0.5987,0.5158,-0.138466678,0,50,1,1,0,1
1,18C,3,18,FluxStatic,low,25,medium,1,LLMD,0.2201,0,-1,0,50,1,1,0,1
1,18A,1,18,FluxStatic,low,25,medium,1,LLMD,0.3423,0.2653,-0.224948875,0,50,1,1,0,1
2,18F,6,18,FluxStatic,low,25,medium,1,LLMD,0.4394,0.3958,-0.099226218,0,50,1,1,0,1
2,18D,4,18,FluxStatic,low,25,medium,1,LLMD,0.1919,0.1434,-0.2527358,0,50,1,1,0,1
2,18E,5,18,FluxStatic,low,25,medium,1,LLMD,0.1834,0.1789,-0.024536532,0,50,1,1,0,1
3,18G,7,18,FluxStatic,low,25,medium,1,LLMD,0.2911,0.0096,-0.967021642,0,50,1,1,0,1
3,18H,8,18,FluxStatic,low,25,medium,1,LLMD,0.1194,0.0466,-0.609715243,0,50,1,1,0,1
3,18I,9,18,FluxStatic,low,25,medium,1,LLMD,0.1214,0.0693,-0.429159802,0,50,1,1,0,1
4,18L,12,18,FluxStatic,low,25,medium,1,LLMD,0.3511,0.3136,-0.106807177,0,50,1,1,0,1
4,18J,10,18,FluxStatic,low,25,medium,1,LLMD,0.4757,0.4326,-0.090603321,0,50,1,1,0,1
4,18K,11,18,FluxStatic,low,25,medium,1,LLMD,0.5526,0.4611,-0.16558089,0,50,1,1,0,1
1,19A,1,19,FluxStatic,medium,75,high,2,MLHD,0.3105,0.4384,0.411916264,50,100,2,2,50,2
1,19B,2,19,FluxStatic,medium,75,high,2,MLHD,0.3586,0.3382,-0.056887897,50,100,2,2,50,2
1,19C,3,19,FluxStatic,medium,75,high,2,MLHD,0.2782,0.2116,-0.239396118,50,100,2,2,50,2
2,19F,6,19,FluxStatic,medium,75,high,2,MLHD,0.3572,0.3836,0.073908175,50,100,2,2,50,2
2,19D,4,19,FluxStatic,medium,75,high,2,MLHD,0.2834,0.2593,-0.085038814,50,100,2,2,50,2
2,19E,5,19,FluxStatic,medium,75,high,2,MLHD,0.1607,0.0948,-0.410080896,50,100,2,2,50,2
3,19G,7,19,FluxStatic,medium,75,high,2,MLHD,0.0917,0.099,0.079607415,50,100,2,2,50,2
3,19H,8,19,FluxStatic,medium,75,high,2,MLHD,0.1426,0.1613,0.131136045,50,100,2,2,50,2
3,19I,9,19,FluxStatic,medium,75,high,2,MLHD,0.1415,0.081,-0.427561837,50,100,2,2,50,2
4,19L,12,19,FluxStatic,medium,75,high,2,MLHD,0.1887,0.2932,0.553789083,50,100,2,2,50,2
4,19J,10,19,FluxStatic,medium,75,high,2,MLHD,0.6013,0.648,0.077665059,50,100,2,2,50,2
4,19K,11,19,FluxStatic,medium,75,high,2,MLHD,0.5141,0.3904,-0.240614666,50,100,2,2,50,2
1,20A,1,20,FluxStatic,low,25,high,2,LLHD,0.8427,0.6191,-0.265337605,0,50,2,2,0,2
1,20B,2,20,FluxStatic,low,25,high,2,LLHD,0.3591,0.1196,-0.666945141,0,50,2,2,0,2
1,20C,3,20,FluxStatic,low,25,high,2,LLHD,0.4071,0.3185,-0.217636944,0,50,2,2,0,2
2,20F,6,20,FluxStatic,low,25,high,2,LLHD,0.2445,0.197,-0.194274029,0,50,2,2,0,2
2,20D,4,20,FluxStatic,low,25,high,2,LLHD,0.3107,0.2983,-0.039909881,0,50,2,2,0,2
2,20E,5,20,FluxStatic,low,25,high,2,LLHD,0.3392,0.2672,-0.212264151,0,50,2,2,0,2
3,20G,7,20,FluxStatic,low,25,high,2,LLHD,0.1361,0.1371,0.007347539,0,50,2,2,0,2
3,20H,8,20,FluxStatic,low,25,high,2,LLHD,0.2043,0.2163,0.058737151,0,50,2,2,0,2
3,20I,9,20,FluxStatic,low,25,high,2,LLHD,0.1039,0.0176,-0.830606352,0,50,2,2,0,2
4,20L,12,20,FluxStatic,low,25,high,2,LLHD,0.2496,0.2562,0.026442308,0,50,2,2,0,2
4,20J,10,20,FluxStatic,low,25,high,2,LLHD,0.3592,0.3169,-0.117761693,0,50,2,2,0,2
4,20K,11,20,FluxStatic,low,25,high,2,LLHD,0.2227,0.1945,-0.12662775,0,50,2,2,0,2
1,21A,1,21,InPhase,medium,75,medium,1,MLMD,0.329,0.4217,0.281762918,50,100,2,0,50,2
1,21B,2,21,InPhase,medium,75,medium,1,MLMD,0.293,0.8168,1.787713311,50,100,2,0,50,2
1,21C,3,21,InPhase,medium,75,medium,1,MLMD,0.1891,0.0746,-0.605499736,50,100,2,0,50,2
2,21F,6,21,InPhase,medium,75,medium,1,MLMD,0.1277,0.1085,-0.150352388,50,100,2,0,50,2
2,21D,4,21,InPhase,medium,75,medium,1,MLMD,0.2595,0.1969,-0.241233141,50,100,2,0,50,2
2,21E,5,21,InPhase,medium,75,medium,1,MLMD,0.2249,0.2078,-0.076033793,50,100,2,0,50,2
3,21G,7,21,InPhase,medium,75,medium,1,MLMD,0.1939,0.167,-0.138731305,50,100,2,0,50,2
3,21H,8,21,InPhase,medium,75,medium,1,MLMD,0.1874,0.134,-0.284951974,50,100,2,0,50,2
3,21I,9,21,InPhase,medium,75,medium,1,MLMD,0.1248,0.0397,-0.681891026,50,100,2,0,50,2
4,21L,12,21,InPhase,medium,75,medium,1,MLMD,0.3571,0.2305,-0.354522543,50,100,2,0,50,2
4,21J,10,21,InPhase,medium,75,medium,1,MLMD,0.2733,0,-1,50,100,2,0,50,2
4,21K,11,21,InPhase,medium,75,medium,1,MLMD,0.1829,0.2235,0.221979224,50,100,2,0,50,2
1,22A,1,22,InPhase,low,25,medium,1,LLMD,0.497,0.4462,-0.10221328,0,50,2,0,0,2
1,22B,2,22,InPhase,low,25,medium,1,LLMD,0.3256,0.2922,-0.102579853,0,50,2,0,0,2
1,22C,3,22,InPhase,low,25,medium,1,LLMD,0.2626,0.2187,-0.16717441,0,50,2,0,0,2
2,22F,6,22,InPhase,low,25,medium,1,LLMD,0.2109,0.1542,-0.268847795,0,50,2,0,0,2
2,22D,4,22,InPhase,low,25,medium,1,LLMD,0.2066,0.1318,-0.362052275,0,50,2,0,0,2
2,22E,5,22,InPhase,low,25,medium,1,LLMD,0.0824,0.0657,-0.202669903,0,50,2,0,0,2
3,22G,7,22,InPhase,low,25,medium,1,LLMD,0.1462,0.0699,-0.521887825,0,50,2,0,0,2
3,22H,8,22,InPhase,low,25,medium,1,LLMD,0.327,0.1093,-0.665749235,0,50,2,0,0,2
3,22I,9,22,InPhase,low,25,medium,1,LLMD,0.0775,0,-1,0,50,2,0,0,2
4,22L,12,22,InPhase,low,25,medium,1,LLMD,0.168,0.1385,-0.175595238,0,50,2,0,0,2
4,22J,10,22,InPhase,low,25,medium,1,LLMD,0.3783,0.2321,-0.386465768,0,50,2,0,0,2
4,22K,11,22,InPhase,low,25,medium,1,LLMD,0.1674,0.2086,0.246117085,0,50,2,0,0,2
1,23A,1,23,InPhase,medium,75,high,2,MLHD,0.5008,0.2216,-0.557507987,50,100,3,1,50,3
1,23B,2,23,InPhase,medium,75,high,2,MLHD,0.5097,0.4781,-0.061997253,50,100,3,1,50,3
1,23C,3,23,InPhase,medium,75,high,2,MLHD,0.2382,0.1816,-0.237615449,50,100,3,1,50,3
2,23F,6,23,InPhase,medium,75,high,2,MLHD,0.1944,0.1503,-0.226851852,50,100,3,1,50,3
2,23D,4,23,InPhase,medium,75,high,2,MLHD,0.1512,0.1298,-0.141534392,50,100,3,1,50,3
2,23E,5,23,InPhase,medium,75,high,2,MLHD,0.3399,0.2321,-0.317152104,50,100,3,1,50,3
3,23G,7,23,InPhase,medium,75,high,2,MLHD,0.1857,0.2042,0.099623048,50,100,3,1,50,3
3,23H,8,23,InPhase,medium,75,high,2,MLHD,0.2699,0.3226,0.195257503,50,100,3,1,50,3
3,23I,9,23,InPhase,medium,75,high,2,MLHD,0.1308,0.1366,0.044342508,50,100,3,1,50,3
4,23L,12,23,InPhase,medium,75,high,2,MLHD,0.1926,0.1943,0.008826584,50,100,3,1,50,3
4,23J,10,23,InPhase,medium,75,high,2,MLHD,0.6162,0.4487,-0.271827329,50,100,3,1,50,3
4,23K,11,23,InPhase,medium,75,high,2,MLHD,0.6128,0.5596,-0.086814621,50,100,3,1,50,3
1,24A,1,24,InPhase,low,25,high,2,LLHD,0.8255,0.3774,-0.542822532,0,50,3,1,0,3
1,24B,2,24,InPhase,low,25,high,2,LLHD,0.7869,0.4329,-0.449866565,0,50,3,1,0,3
1,24C,3,24,InPhase,low,25,high,2,LLHD,0.1593,0.1271,-0.202134338,0,50,3,1,0,3
2,24F,6,24,InPhase,low,25,high,2,LLHD,0.3036,0.2037,-0.329051383,0,50,3,1,0,3
2,24D,4,24,InPhase,low,25,high,2,LLHD,0.2721,0.1564,-0.425211319,0,50,3,1,0,3
2,24E,5,24,InPhase,low,25,high,2,LLHD,0.1778,0.1293,-0.272778403,0,50,3,1,0,3
3,24G,7,24,InPhase,low,25,high,2,LLHD,0.2863,0.1478,-0.483758295,0,50,3,1,0,3
3,24H,8,24,InPhase,low,25,high,2,LLHD,0.1326,0.1151,-0.131975867,0,50,3,1,0,3
3,24I,9,24,InPhase,low,25,high,2,LLHD,0.1344,0.1197,-0.109375,0,50,3,1,0,3
4,24L,12,24,InPhase,low,25,high,2,LLHD,0.6569,0.5045,-0.231998782,0,50,3,1,0,3
4,24J,10,24,InPhase,low,25,high,2,LLHD,0.406,0.3064,-0.245320197,0,50,3,1,0,3
4,24K,11,24,InPhase,low,25,high,2,LLHD,0.2674,0.2252,-0.157816006,0,50,3,1,0,3
1,25A,1,25,OutPhase,medium,75,medium,1,MLMD,0.4875,0.3013,-0.381948718,100,50,2,0,50,2
1,25B,2,25,OutPhase,medium,75,medium,1,MLMD,0.5786,0.4771,-0.175423436,100,50,2,0,50,2
1,25C,3,25,OutPhase,medium,75,medium,1,MLMD,0.4337,0.3329,-0.232418723,100,50,2,0,50,2
2,25F,6,25,OutPhase,medium,75,medium,1,MLMD,0.2039,0.1957,-0.040215792,100,50,2,0,50,2
2,25D,4,25,OutPhase,medium,75,medium,1,MLMD,0.1599,0.133,-0.168230144,100,50,2,0,50,2
2,25E,5,25,OutPhase,medium,75,medium,1,MLMD,0.1401,0.0798,-0.430406852,100,50,2,0,50,2
3,25G,7,25,OutPhase,medium,75,medium,1,MLMD,0.3443,0.4197,0.218995062,100,50,2,0,50,2
3,25H,8,25,OutPhase,medium,75,medium,1,MLMD,0.2068,0.1402,-0.32205029,100,50,2,0,50,2
3,25I,9,25,OutPhase,medium,75,medium,1,MLMD,0.2019,0.1179,-0.416047548,100,50,2,0,50,2
4,25L,12,25,OutPhase,medium,75,medium,1,MLMD,0.6889,0.583,-0.153723327,100,50,2,0,50,2
4,25J,10,25,OutPhase,medium,75,medium,1,MLMD,0.2631,0.1935,-0.264538198,100,50,2,0,50,2
4,25K,11,25,OutPhase,medium,75,medium,1,MLMD,0.4524,0.2921,-0.354332449,100,50,2,0,50,2
1,26A,1,26,OutPhase,low,25,medium,1,LLMD,0.5582,0.1372,-0.754209961,50,0,2,0,0,2
1,26B,2,26,OutPhase,low,25,medium,1,LLMD,0.2589,0.1842,-0.288528389,50,0,2,0,0,2
1,26C,3,26,OutPhase,low,25,medium,1,LLMD,0.2533,0,-1,50,0,2,0,0,2
2,26F,6,26,OutPhase,low,25,medium,1,LLMD,0.128,0.0958,-0.2515625,50,0,2,0,0,2
2,26D,4,26,OutPhase,low,25,medium,1,LLMD,0.1716,0.0878,-0.488344988,50,0,2,0,0,2
2,26E,5,26,OutPhase,low,25,medium,1,LLMD,0.1399,0.1628,0.163688349,50,0,2,0,0,2
3,26G,7,26,OutPhase,low,25,medium,1,LLMD,0.1647,0.0598,-0.636915604,50,0,2,0,0,2
3,26H,8,26,OutPhase,low,25,medium,1,LLMD,0.3329,0.2602,-0.218383899,50,0,2,0,0,2
3,26I,9,26,OutPhase,low,25,medium,1,LLMD,0.158,0,-1,50,0,2,0,0,2
4,26L,12,26,OutPhase,low,25,medium,1,LLMD,0.3399,0.3069,-0.097087379,50,0,2,0,0,2
4,26J,10,26,OutPhase,low,25,medium,1,LLMD,0.1604,0.16,-0.002493766,50,0,2,0,0,2
4,26K,11,26,OutPhase,low,25,medium,1,LLMD,0.3612,0.4044,0.119601329,50,0,2,0,0,2
1,27A,1,27,OutPhase,medium,75,high,2,MLHD,0.2802,0.3248,0.15917202,100,50,3,1,50,3
1,27B,2,27,OutPhase,medium,75,high,2,MLHD,1.12,0.9495,-0.152232143,100,50,3,1,50,3
1,27C,3,27,OutPhase,medium,75,high,2,MLHD,0.2792,0.111,-0.60243553,100,50,3,1,50,3
2,27F,6,27,OutPhase,medium,75,high,2,MLHD,0.2163,0.1639,-0.242256126,100,50,3,1,50,3
2,27D,4,27,OutPhase,medium,75,high,2,MLHD,0.3902,0.354,-0.092772937,100,50,3,1,50,3
2,27E,5,27,OutPhase,medium,75,high,2,MLHD,0.117,0.1285,0.098290598,100,50,3,1,50,3
3,27G,7,27,OutPhase,medium,75,high,2,MLHD,0.1376,0.1359,-0.012354651,100,50,3,1,50,3
3,27H,8,27,OutPhase,medium,75,high,2,MLHD,0.1384,0.1834,0.325144509,100,50,3,1,50,3
3,27I,9,27,OutPhase,medium,75,high,2,MLHD,0.18,0.2097,0.165,100,50,3,1,50,3
4,27L,12,27,OutPhase,medium,75,high,2,MLHD,0.3669,0.351,-0.043336059,100,50,3,1,50,3
4,27J,10,27,OutPhase,medium,75,high,2,MLHD,0.1867,0.1722,-0.077664703,100,50,3,1,50,3
4,27K,11,27,OutPhase,medium,75,high,2,MLHD,0.5176,0.5146,-0.005795981,100,50,3,1,50,3
1,28A,1,28,OutPhase,low,25,high,2,LLHD,0.4297,0.2505,-0.417035141,50,0,3,1,0,3
1,28B,2,28,OutPhase,low,25,high,2,LLHD,0.4509,0.2829,-0.372588157,50,0,3,1,0,3
1,28C,3,28,OutPhase,low,25,high,2,LLHD,0.2077,0.1343,-0.353394319,50,0,3,1,0,3
2,28F,6,28,OutPhase,low,25,high,2,LLHD,0.1594,0.1383,-0.132371393,50,0,3,1,0,3
2,28D,4,28,OutPhase,low,25,high,2,LLHD,0.1486,0.1111,-0.252355316,50,0,3,1,0,3
2,28E,5,28,OutPhase,low,25,high,2,LLHD,0.2152,0.1307,-0.392657993,50,0,3,1,0,3
3,28G,7,28,OutPhase,low,25,high,2,LLHD,0.2062,0,-1,50,0,3,1,0,3
3,28H,8,28,OutPhase,low,25,high,2,LLHD,0.1244,0.0196,-0.84244373,50,0,3,1,0,3
3,28I,9,28,OutPhase,low,25,high,2,LLHD,0.221,0.2433,0.100904977,50,0,3,1,0,3
4,28L,12,28,OutPhase,low,25,high,2,LLHD,0.4416,0.1861,-0.578577899,50,0,3,1,0,3
4,28J,10,28,OutPhase,low,25,high,2,LLHD,0.5069,0.3134,-0.381732097,50,0,3,1,0,3
4,28K,11,28,OutPhase,low,25,high,2,LLHD,0.6312,0,-1,50,0,3,1,0,3
