Day,Week,ID,Replicate,Treatment,Stressor_app,Light_level,Light_conc,Diuron_level,Diuron_conc,Avg_Photo_Total,Day0PE
2,1,5A,1,5,StaticStatic,Medium Light,75,Medium Herbicide,1,0.5105,0.796
2,1,5B,2,5,StaticStatic,Medium Light,75,Medium Herbicide,1,0.73775,0.778
2,1,5C,3,5,StaticStatic,Medium Light,75,Medium Herbicide,1,0.6695,0.81425
2,2,5D,4,5,StaticStatic,Medium Light,75,Medium Herbicide,1,0.6755,0.74375
2,2,5E,5,5,StaticStatic,Medium Light,75,Medium Herbicide,1,0.74525,0.724
2,2,5F,6,5,StaticStatic,Medium Light,75,Medium Herbicide,1,0.702,0.772
2,3,5G,7,5,StaticStatic,Medium Light,75,Medium Herbicide,1,0.67625,0.8135
2,3,5H,8,5,StaticStatic,Medium Light,75,Medium Herbicide,1,0.68725,0.79
2,3,5I,9,5,StaticStatic,Medium Light,75,Medium Herbicide,1,0.6655,0.8095
2,4,5J,10,5,StaticStatic,Medium Light,75,Medium Herbicide,1,0.7185,0.7865
2,4,5K,11,5,StaticStatic,Medium Light,75,Medium Herbicide,1,0.7175,0.79475
2,4,5L,12,5,StaticStatic,Medium Light,75,Medium Herbicide,1,0.724,0.805
4,1,5A,1,5,StaticStatic,Medium Light,75,Medium Herbicide,1,0.67725,0.796
4,1,5B,2,5,StaticStatic,Medium Light,75,Medium Herbicide,1,0.756,0.778
4,1,5C,3,5,StaticStatic,Medium Light,75,Medium Herbicide,1,0.71,0.81425
4,2,5D,4,5,StaticStatic,Medium Light,75,Medium Herbicide,1,0.52275,0.74375
4,2,5E,5,5,StaticStatic,Medium Light,75,Medium Herbicide,1,0.6365,0.724
4,2,5F,6,5,StaticStatic,Medium Light,75,Medium Herbicide,1,0.68825,0.772
4,3,5G,7,5,StaticStatic,Medium Light,75,Medium Herbicide,1,0.7545,0.8135
4,3,5H,8,5,StaticStatic,Medium Light,75,Medium Herbicide,1,0.68975,0.79
4,3,5I,9,5,StaticStatic,Medium Light,75,Medium Herbicide,1,0.659,0.8095
4,4,5J,10,5,StaticStatic,Medium Light,75,Medium Herbicide,1,0.7025,0.7865
4,4,5K,11,5,StaticStatic,Medium Light,75,Medium Herbicide,1,0.61625,0.79475
4,4,5L,12,5,StaticStatic,Medium Light,75,Medium Herbicide,1,0.725,0.805
6,1,5A,1,5,StaticStatic,Medium Light,75,Medium Herbicide,1,0.509,0.796
6,1,5B,2,5,StaticStatic,Medium Light,75,Medium Herbicide,1,0.62525,0.778
6,1,5C,3,5,StaticStatic,Medium Light,75,Medium Herbicide,1,0.6455,0.81425
6,2,5D,4,5,StaticStatic,Medium Light,75,Medium Herbicide,1,0.53075,0.74375
6,2,5E,5,5,StaticStatic,Medium Light,75,Medium Herbicide,1,0.3975,0.724
6,2,5F,6,5,StaticStatic,Medium Light,75,Medium Herbicide,1,0.57425,0.772
6,3,5G,7,5,StaticStatic,Medium Light,75,Medium Herbicide,1,0.71775,0.8135
6,3,5H,8,5,StaticStatic,Medium Light,75,Medium Herbicide,1,0.69925,0.79
6,3,5I,9,5,StaticStatic,Medium Light,75,Medium Herbicide,1,0.626,0.8095
6,4,5J,10,5,StaticStatic,Medium Light,75,Medium Herbicide,1,0.653,0.7865
6,4,5K,11,5,StaticStatic,Medium Light,75,Medium Herbicide,1,0.58825,0.79475
6,4,5L,12,5,StaticStatic,Medium Light,75,Medium Herbicide,1,0.7005,0.805
7,1,5A,1,5,StaticStatic,Medium Light,75,Medium Herbicide,1,0.6375,0.796
7,1,5B,2,5,StaticStatic,Medium Light,75,Medium Herbicide,1,0.7035,0.778
7,1,5C,3,5,StaticStatic,Medium Light,75,Medium Herbicide,1,0.5575,0.81425
7,2,5F,6,5,StaticStatic,Medium Light,75,Medium Herbicide,1,0.49225,0.772
7,2,5D,4,5,StaticStatic,Medium Light,75,Medium Herbicide,1,0.47975,0.74375
7,2,5E,5,5,StaticStatic,Medium Light,75,Medium Herbicide,1,0.51375,0.724
7,3,5G,7,5,StaticStatic,Medium Light,75,Medium Herbicide,1,0.51275,0.8135
7,3,5H,8,5,StaticStatic,Medium Light,75,Medium Herbicide,1,0.5975,0.79
7,3,5I,9,5,StaticStatic,Medium Light,75,Medium Herbicide,1,0.5875,0.8095
7,4,5L,12,5,StaticStatic,Medium Light,75,Medium Herbicide,1,0.67725,0.805
7,4,5J,10,5,StaticStatic,Medium Light,75,Medium Herbicide,1,0.51925,0.7865
7,4,5K,11,5,StaticStatic,Medium Light,75,Medium Herbicide,1,0.5595,0.79475
2,1,6A,1,6,StaticStatic,Low Light,25,Medium Herbicide,1,0.43125,0.78825
2,1,6B,2,6,StaticStatic,Low Light,25,Medium Herbicide,1,0.7475,0.7865
2,1,6C,3,6,StaticStatic,Low Light,25,Medium Herbicide,1,0.3935,0.81375
2,2,6D,4,6,StaticStatic,Low Light,25,Medium Herbicide,1,0.77825,0.75875
2,2,6E,5,6,StaticStatic,Low Light,25,Medium Herbicide,1,0.7465,0.77725
2,2,6F,6,6,StaticStatic,Low Light,25,Medium Herbicide,1,0.73975,0.74875
2,3,6G,7,6,StaticStatic,Low Light,25,Medium Herbicide,1,0.7645,0.7615
2,3,6H,8,6,StaticStatic,Low Light,25,Medium Herbicide,1,0.76425,0.80775
2,3,6I,9,6,StaticStatic,Low Light,25,Medium Herbicide,1,0.74425,0.824
2,4,6J,10,6,StaticStatic,Low Light,25,Medium Herbicide,1,0.765,0.81225
2,4,6K,11,6,StaticStatic,Low Light,25,Medium Herbicide,1,0.74275,0.75175
2,4,6L,12,6,StaticStatic,Low Light,25,Medium Herbicide,1,0.77725,0.79775
4,1,6A,1,6,StaticStatic,Low Light,25,Medium Herbicide,1,0.733175,0.78825
4,1,6B,2,6,StaticStatic,Low Light,25,Medium Herbicide,1,0.733175,0.7865
4,1,6C,3,6,StaticStatic,Low Light,25,Medium Herbicide,1,0.65775,0.81375
4,2,6D,4,6,StaticStatic,Low Light,25,Medium Herbicide,1,0.72325,0.75875
4,2,6E,5,6,StaticStatic,Low Light,25,Medium Herbicide,1,0.73625,0.77725
4,2,6F,6,6,StaticStatic,Low Light,25,Medium Herbicide,1,0.7565,0.74875
4,3,6G,7,6,StaticStatic,Low Light,25,Medium Herbicide,1,0.76125,0.7615
4,3,6H,8,6,StaticStatic,Low Light,25,Medium Herbicide,1,0.7655,0.80775
4,3,6I,9,6,StaticStatic,Low Light,25,Medium Herbicide,1,0.65725,0.824
4,4,6J,10,6,StaticStatic,Low Light,25,Medium Herbicide,1,0.74325,0.81225
4,4,6K,11,6,StaticStatic,Low Light,25,Medium Herbicide,1,0.76625,0.75175
4,4,6L,12,6,StaticStatic,Low Light,25,Medium Herbicide,1,0.7645,0.79775
6,1,6A,1,6,StaticStatic,Low Light,25,Medium Herbicide,1,0.36025,0.78825
6,1,6B,2,6,StaticStatic,Low Light,25,Medium Herbicide,1,0.668568182,0.7865
6,1,6C,3,6,StaticStatic,Low Light,25,Medium Herbicide,1,0.6625,0.81375
6,2,6D,4,6,StaticStatic,Low Light,25,Medium Herbicide,1,0.56825,0.75875
6,2,6E,5,6,StaticStatic,Low Light,25,Medium Herbicide,1,0.68475,0.77725
6,2,6F,6,6,StaticStatic,Low Light,25,Medium Herbicide,1,0.7335,0.74875
6,3,6G,7,6,StaticStatic,Low Light,25,Medium Herbicide,1,0.70125,0.7615
6,3,6H,8,6,StaticStatic,Low Light,25,Medium Herbicide,1,0.72675,0.80775
6,3,6I,9,6,StaticStatic,Low Light,25,Medium Herbicide,1,0.70625,0.824
6,4,6J,10,6,StaticStatic,Low Light,25,Medium Herbicide,1,0.69575,0.81225
6,4,6K,11,6,StaticStatic,Low Light,25,Medium Herbicide,1,0.74475,0.75175
6,4,6L,12,6,StaticStatic,Low Light,25,Medium Herbicide,1,0.77025,0.79775
7,1,6A,1,6,StaticStatic,Low Light,25,Medium Herbicide,1,NA,0.78825
7,1,6B,2,6,StaticStatic,Low Light,25,Medium Herbicide,1,NA,0.7865
7,1,6C,3,6,StaticStatic,Low Light,25,Medium Herbicide,1,0.66725,0.81375
7,2,6F,6,6,StaticStatic,Low Light,25,Medium Herbicide,1,0.4175,0.74875
7,2,6D,4,6,StaticStatic,Low Light,25,Medium Herbicide,1,0.61875,0.75875
7,2,6E,5,6,StaticStatic,Low Light,25,Medium Herbicide,1,0.69025,0.77725
7,3,6G,7,6,StaticStatic,Low Light,25,Medium Herbicide,1,NA,0.7615
7,3,6H,8,6,StaticStatic,Low Light,25,Medium Herbicide,1,0.64025,0.80775
7,3,6I,9,6,StaticStatic,Low Light,25,Medium Herbicide,1,0.58875,0.824
7,4,6L,12,6,StaticStatic,Low Light,25,Medium Herbicide,1,0.59175,0.79775
7,4,6J,10,6,StaticStatic,Low Light,25,Medium Herbicide,1,0.684,0.81225
7,4,6K,11,6,StaticStatic,Low Light,25,Medium Herbicide,1,0.7125,0.75175
2,1,7A,1,7,StaticStatic,Medium Light,75,High Herbicide,2,0.29575,0.778
2,1,7B,2,7,StaticStatic,Medium Light,75,High Herbicide,2,0.74625,0.77375
2,1,7C,3,7,StaticStatic,Medium Light,75,High Herbicide,2,0.65725,0.80075
2,2,7D,4,7,StaticStatic,Medium Light,75,High Herbicide,2,0.64425,0.775
2,2,7E,5,7,StaticStatic,Medium Light,75,High Herbicide,2,0.72525,0.734
2,2,7F,6,7,StaticStatic,Medium Light,75,High Herbicide,2,0.73,0.769
2,3,7G,7,7,StaticStatic,Medium Light,75,High Herbicide,2,0.71225,0.77275
2,3,7H,8,7,StaticStatic,Medium Light,75,High Herbicide,2,0.7005,0.7715
2,3,7I,9,7,StaticStatic,Medium Light,75,High Herbicide,2,0.6805,0.7835
2,4,7J,10,7,StaticStatic,Medium Light,75,High Herbicide,2,0.6975,0.77425
2,4,7K,11,7,StaticStatic,Medium Light,75,High Herbicide,2,0.74225,0.78975
2,4,7L,12,7,StaticStatic,Medium Light,75,High Herbicide,2,0.703,0.82875
4,1,7A,1,7,StaticStatic,Medium Light,75,High Herbicide,2,0.28975,0.778
4,1,7B,2,7,StaticStatic,Medium Light,75,High Herbicide,2,0.743,0.77375
4,1,7C,3,7,StaticStatic,Medium Light,75,High Herbicide,2,0.395,0.80075
4,2,7D,4,7,StaticStatic,Medium Light,75,High Herbicide,2,0.583,0.775
4,2,7E,5,7,StaticStatic,Medium Light,75,High Herbicide,2,0.66075,0.734
4,2,7F,6,7,StaticStatic,Medium Light,75,High Herbicide,2,0.7315,0.769
4,3,7G,7,7,StaticStatic,Medium Light,75,High Herbicide,2,0.69275,0.77275
4,3,7H,8,7,StaticStatic,Medium Light,75,High Herbicide,2,0.7,0.7715
4,3,7I,9,7,StaticStatic,Medium Light,75,High Herbicide,2,0.6645,0.7835
4,4,7J,10,7,StaticStatic,Medium Light,75,High Herbicide,2,0.643,0.77425
4,4,7K,11,7,StaticStatic,Medium Light,75,High Herbicide,2,0.712,0.78975
4,4,7L,12,7,StaticStatic,Medium Light,75,High Herbicide,2,0.52425,0.82875
6,1,7A,1,7,StaticStatic,Medium Light,75,High Herbicide,2,0.29625,0.778
6,1,7B,2,7,StaticStatic,Medium Light,75,High Herbicide,2,0.057,0.77375
6,1,7C,3,7,StaticStatic,Medium Light,75,High Herbicide,2,0.435636364,0.80075
6,2,7D,4,7,StaticStatic,Medium Light,75,High Herbicide,2,0.2105,0.775
6,2,7E,5,7,StaticStatic,Medium Light,75,High Herbicide,2,0.27225,0.734
6,2,7F,6,7,StaticStatic,Medium Light,75,High Herbicide,2,0.7265,0.769
6,3,7G,7,7,StaticStatic,Medium Light,75,High Herbicide,2,0.3265,0.77275
6,3,7H,8,7,StaticStatic,Medium Light,75,High Herbicide,2,0.37075,0.7715
6,3,7I,9,7,StaticStatic,Medium Light,75,High Herbicide,2,0.6575,0.7835
6,4,7J,10,7,StaticStatic,Medium Light,75,High Herbicide,2,0.581,0.77425
6,4,7K,11,7,StaticStatic,Medium Light,75,High Herbicide,2,0.6935,0.78975
6,4,7L,12,7,StaticStatic,Medium Light,75,High Herbicide,2,0.60025,0.82875
7,1,7A,1,7,StaticStatic,Medium Light,75,High Herbicide,2,0.4765,0.778
7,1,7B,2,7,StaticStatic,Medium Light,75,High Herbicide,2,0.027,0.77375
7,1,7C,3,7,StaticStatic,Medium Light,75,High Herbicide,2,0.42625,0.80075
7,2,7F,6,7,StaticStatic,Medium Light,75,High Herbicide,2,0.68775,0.769
7,2,7D,4,7,StaticStatic,Medium Light,75,High Herbicide,2,0.59075,0.775
7,2,7E,5,7,StaticStatic,Medium Light,75,High Herbicide,2,0.5215,0.734
7,3,7G,7,7,StaticStatic,Medium Light,75,High Herbicide,2,0.3785,0.77275
7,3,7H,8,7,StaticStatic,Medium Light,75,High Herbicide,2,0.41675,0.7715
7,3,7I,9,7,StaticStatic,Medium Light,75,High Herbicide,2,0.5935,0.7835
7,4,7L,12,7,StaticStatic,Medium Light,75,High Herbicide,2,0.64775,0.82875
7,4,7J,10,7,StaticStatic,Medium Light,75,High Herbicide,2,0.44975,0.77425
7,4,7K,11,7,StaticStatic,Medium Light,75,High Herbicide,2,0.51,0.78975
2,1,8A,1,8,StaticStatic,Low Light,25,High Herbicide,2,0.40425,0.8045
2,1,8B,2,8,StaticStatic,Low Light,25,High Herbicide,2,0.76825,0.78275
2,1,8C,3,8,StaticStatic,Low Light,25,High Herbicide,2,0.3445,0.74825
2,2,8D,4,8,StaticStatic,Low Light,25,High Herbicide,2,0.7655,0.7965
2,2,8E,5,8,StaticStatic,Low Light,25,High Herbicide,2,0.7515,0.782
2,2,8F,6,8,StaticStatic,Low Light,25,High Herbicide,2,0.7635,0.77575
2,3,8G,7,8,StaticStatic,Low Light,25,High Herbicide,2,0.6635,0.78775
2,3,8H,8,8,StaticStatic,Low Light,25,High Herbicide,2,0.766,0.80075
2,3,8I,9,8,StaticStatic,Low Light,25,High Herbicide,2,0.76275,0.7945
2,4,8J,10,8,StaticStatic,Low Light,25,High Herbicide,2,0.744,0.7995
2,4,8K,11,8,StaticStatic,Low Light,25,High Herbicide,2,0.72975,0.7525
2,4,8L,12,8,StaticStatic,Low Light,25,High Herbicide,2,0.767,0.78825
4,1,8A,1,8,StaticStatic,Low Light,25,High Herbicide,2,0.652,0.8045
4,1,8B,2,8,StaticStatic,Low Light,25,High Herbicide,2,0.7725,0.78275
4,1,8C,3,8,StaticStatic,Low Light,25,High Herbicide,2,0.42175,0.74825
4,2,8D,4,8,StaticStatic,Low Light,25,High Herbicide,2,0.54575,0.7965
4,2,8E,5,8,StaticStatic,Low Light,25,High Herbicide,2,0.69975,0.782
4,2,8F,6,8,StaticStatic,Low Light,25,High Herbicide,2,0.75225,0.77575
4,3,8G,7,8,StaticStatic,Low Light,25,High Herbicide,2,0.59675,0.78775
4,3,8H,8,8,StaticStatic,Low Light,25,High Herbicide,2,0.763,0.80075
4,3,8I,9,8,StaticStatic,Low Light,25,High Herbicide,2,0.73375,0.7945
4,4,8J,10,8,StaticStatic,Low Light,25,High Herbicide,2,0.74275,0.7995
4,4,8K,11,8,StaticStatic,Low Light,25,High Herbicide,2,0.7055,0.7525
4,4,8L,12,8,StaticStatic,Low Light,25,High Herbicide,2,0.75925,0.78825
6,1,8A,1,8,StaticStatic,Low Light,25,High Herbicide,2,0.29075,0.8045
6,1,8B,2,8,StaticStatic,Low Light,25,High Herbicide,2,0.34325,0.78275
6,1,8C,3,8,StaticStatic,Low Light,25,High Herbicide,2,0.6575,0.74825
6,2,8D,4,8,StaticStatic,Low Light,25,High Herbicide,2,0.6195,0.7965
6,2,8E,5,8,StaticStatic,Low Light,25,High Herbicide,2,0.6725,0.782
6,2,8F,6,8,StaticStatic,Low Light,25,High Herbicide,2,0.7725,0.77575
6,3,8G,7,8,StaticStatic,Low Light,25,High Herbicide,2,0.5535,0.78775
6,3,8H,8,8,StaticStatic,Low Light,25,High Herbicide,2,0.675,0.80075
6,3,8I,9,8,StaticStatic,Low Light,25,High Herbicide,2,0.75125,0.7945
6,4,8J,10,8,StaticStatic,Low Light,25,High Herbicide,2,0.39725,0.7995
6,4,8K,11,8,StaticStatic,Low Light,25,High Herbicide,2,0.5895,0.7525
6,4,8L,12,8,StaticStatic,Low Light,25,High Herbicide,2,0.7525,0.78825
7,1,8A,1,8,StaticStatic,Low Light,25,High Herbicide,2,0.60025,0.8045
7,1,8B,2,8,StaticStatic,Low Light,25,High Herbicide,2,0.69625,0.78275
7,1,8C,3,8,StaticStatic,Low Light,25,High Herbicide,2,0.4055,0.74825
7,2,8F,6,8,StaticStatic,Low Light,25,High Herbicide,2,0.74675,0.77575
7,2,8D,4,8,StaticStatic,Low Light,25,High Herbicide,2,0.65125,0.7965
7,2,8E,5,8,StaticStatic,Low Light,25,High Herbicide,2,0.5685,0.782
7,3,8G,7,8,StaticStatic,Low Light,25,High Herbicide,2,0.66175,0.78775
7,3,8H,8,8,StaticStatic,Low Light,25,High Herbicide,2,0.656,0.80075
7,3,8I,9,8,StaticStatic,Low Light,25,High Herbicide,2,0.63775,0.7945
7,4,8L,12,8,StaticStatic,Low Light,25,High Herbicide,2,0.63175,0.78825
7,4,8J,10,8,StaticStatic,Low Light,25,High Herbicide,2,0.3415,0.7995
7,4,8K,11,8,StaticStatic,Low Light,25,High Herbicide,2,0.08975,0.7525
2,1,10A,1,10,StaticFlux,Medium Light,75,Medium Herbicide,1,0.695,0.74475
2,1,10B,2,10,StaticFlux,Medium Light,75,Medium Herbicide,1,0.44775,0.77475
2,1,10C,3,10,StaticFlux,Medium Light,75,Medium Herbicide,1,0.477,0.781
2,2,10D,4,10,StaticFlux,Medium Light,75,Medium Herbicide,1,0.72275,0.73975
2,2,10E,5,10,StaticFlux,Medium Light,75,Medium Herbicide,1,0.67125,0.6935
2,2,10F,6,10,StaticFlux,Medium Light,75,Medium Herbicide,1,0.6765,0.76375
2,3,10G,7,10,StaticFlux,Medium Light,75,Medium Herbicide,1,0.72225,0.7245
2,3,10H,8,10,StaticFlux,Medium Light,75,Medium Herbicide,1,0.7145,0.78325
2,3,10I,9,10,StaticFlux,Medium Light,75,Medium Herbicide,1,0.6935,0.789
2,4,10J,10,10,StaticFlux,Medium Light,75,Medium Herbicide,1,0.72325,0.8
2,4,10K,11,10,StaticFlux,Medium Light,75,Medium Herbicide,1,0.7205,0.8125
2,4,10L,12,10,StaticFlux,Medium Light,75,Medium Herbicide,1,0.71725,0.79475
4,1,10A,1,10,StaticFlux,Medium Light,75,Medium Herbicide,1,0.71325,0.74475
4,1,10B,2,10,StaticFlux,Medium Light,75,Medium Herbicide,1,0.2595,0.77475
4,1,10C,3,10,StaticFlux,Medium Light,75,Medium Herbicide,1,0.55025,0.781
4,2,10D,4,10,StaticFlux,Medium Light,75,Medium Herbicide,1,0.49175,0.73975
4,2,10E,5,10,StaticFlux,Medium Light,75,Medium Herbicide,1,0.4045,0.6935
4,2,10F,6,10,StaticFlux,Medium Light,75,Medium Herbicide,1,0.75225,0.76375
4,3,10G,7,10,StaticFlux,Medium Light,75,Medium Herbicide,1,0.711,0.7245
4,3,10H,8,10,StaticFlux,Medium Light,75,Medium Herbicide,1,0.75675,0.78325
4,3,10I,9,10,StaticFlux,Medium Light,75,Medium Herbicide,1,0.6555,0.789
4,4,10J,10,10,StaticFlux,Medium Light,75,Medium Herbicide,1,0.72025,0.8
4,4,10K,11,10,StaticFlux,Medium Light,75,Medium Herbicide,1,0.715,0.8125
4,4,10L,12,10,StaticFlux,Medium Light,75,Medium Herbicide,1,0.46,0.79475
6,1,10A,1,10,StaticFlux,Medium Light,75,Medium Herbicide,1,0.601,0.74475
6,1,10B,2,10,StaticFlux,Medium Light,75,Medium Herbicide,1,0.444,0.77475
6,1,10C,3,10,StaticFlux,Medium Light,75,Medium Herbicide,1,0.609545455,0.781
6,2,10D,4,10,StaticFlux,Medium Light,75,Medium Herbicide,1,0.563,0.73975
6,2,10E,5,10,StaticFlux,Medium Light,75,Medium Herbicide,1,0.5615,0.6935
6,2,10F,6,10,StaticFlux,Medium Light,75,Medium Herbicide,1,0.7245,0.76375
6,3,10G,7,10,StaticFlux,Medium Light,75,Medium Herbicide,1,0.549,0.7245
6,3,10H,8,10,StaticFlux,Medium Light,75,Medium Herbicide,1,0.56825,0.78325
6,3,10I,9,10,StaticFlux,Medium Light,75,Medium Herbicide,1,0.721,0.789
6,4,10J,10,10,StaticFlux,Medium Light,75,Medium Herbicide,1,0.6575,0.8
6,4,10K,11,10,StaticFlux,Medium Light,75,Medium Herbicide,1,0.639,0.8125
6,4,10L,12,10,StaticFlux,Medium Light,75,Medium Herbicide,1,0.67625,0.79475
7,1,10A,1,10,StaticFlux,Medium Light,75,Medium Herbicide,1,0.71275,0.74475
7,1,10B,2,10,StaticFlux,Medium Light,75,Medium Herbicide,1,0.23375,0.77475
7,1,10C,3,10,StaticFlux,Medium Light,75,Medium Herbicide,1,0.66325,0.781
7,2,10F,6,10,StaticFlux,Medium Light,75,Medium Herbicide,1,0.22525,0.76375
7,2,10D,4,10,StaticFlux,Medium Light,75,Medium Herbicide,1,0.5985,0.73975
7,2,10E,5,10,StaticFlux,Medium Light,75,Medium Herbicide,1,0.6075,0.6935
7,3,10G,7,10,StaticFlux,Medium Light,75,Medium Herbicide,1,0.7145,0.7245
7,3,10H,8,10,StaticFlux,Medium Light,75,Medium Herbicide,1,0.672,0.78325
7,3,10I,9,10,StaticFlux,Medium Light,75,Medium Herbicide,1,0.644,0.789
7,4,10L,12,10,StaticFlux,Medium Light,75,Medium Herbicide,1,0.693,0.79475
7,4,10J,10,10,StaticFlux,Medium Light,75,Medium Herbicide,1,0.6305,0.8
7,4,10K,11,10,StaticFlux,Medium Light,75,Medium Herbicide,1,0.65,0.8125
2,1,11A,1,11,StaticFlux,Low Light,25,Medium Herbicide,1,0.4845,0.7755
2,1,11B,2,11,StaticFlux,Low Light,25,Medium Herbicide,1,0.73925,0.79975
2,1,11C,3,11,StaticFlux,Low Light,25,Medium Herbicide,1,0.63725,0.797
2,2,11D,4,11,StaticFlux,Low Light,25,Medium Herbicide,1,0.7685,0.76275
2,2,11E,5,11,StaticFlux,Low Light,25,Medium Herbicide,1,0.758,0.791
2,2,11F,6,11,StaticFlux,Low Light,25,Medium Herbicide,1,0.75425,0.7285
2,3,11G,7,11,StaticFlux,Low Light,25,Medium Herbicide,1,0.76625,0.76675
2,3,11H,8,11,StaticFlux,Low Light,25,Medium Herbicide,1,0.74,0.763
2,3,11I,9,11,StaticFlux,Low Light,25,Medium Herbicide,1,0.76475,0.797
2,4,11J,10,11,StaticFlux,Low Light,25,Medium Herbicide,1,0.72775,0.7705
2,4,11K,11,11,StaticFlux,Low Light,25,Medium Herbicide,1,0.758,0.80025
2,4,11L,12,11,StaticFlux,Low Light,25,Medium Herbicide,1,0.7445,0.7765
4,1,11A,1,11,StaticFlux,Low Light,25,Medium Herbicide,1,0.66325,0.7755
4,1,11B,2,11,StaticFlux,Low Light,25,Medium Herbicide,1,0.76075,0.79975
4,1,11C,3,11,StaticFlux,Low Light,25,Medium Herbicide,1,0.72775,0.797
4,2,11D,4,11,StaticFlux,Low Light,25,Medium Herbicide,1,0.76025,0.76275
4,2,11E,5,11,StaticFlux,Low Light,25,Medium Herbicide,1,0.74975,0.791
4,2,11F,6,11,StaticFlux,Low Light,25,Medium Herbicide,1,0.74275,0.7285
4,3,11G,7,11,StaticFlux,Low Light,25,Medium Herbicide,1,0.747,0.76675
4,3,11H,8,11,StaticFlux,Low Light,25,Medium Herbicide,1,0.582,0.763
4,3,11I,9,11,StaticFlux,Low Light,25,Medium Herbicide,1,0.75375,0.797
4,4,11J,10,11,StaticFlux,Low Light,25,Medium Herbicide,1,0.76075,0.7705
4,4,11K,11,11,StaticFlux,Low Light,25,Medium Herbicide,1,0.75725,0.80025
4,4,11L,12,11,StaticFlux,Low Light,25,Medium Herbicide,1,0.75275,0.7765
6,1,11A,1,11,StaticFlux,Low Light,25,Medium Herbicide,1,0.529,0.7755
6,1,11B,2,11,StaticFlux,Low Light,25,Medium Herbicide,1,0.535,0.79975
6,1,11C,3,11,StaticFlux,Low Light,25,Medium Herbicide,1,0.657,0.797
6,2,11D,4,11,StaticFlux,Low Light,25,Medium Herbicide,1,0.26475,0.76275
6,2,11E,5,11,StaticFlux,Low Light,25,Medium Herbicide,1,0.39575,0.791
6,2,11F,6,11,StaticFlux,Low Light,25,Medium Herbicide,1,0.74125,0.7285
6,3,11G,7,11,StaticFlux,Low Light,25,Medium Herbicide,1,0.13,0.76675
6,3,11H,8,11,StaticFlux,Low Light,25,Medium Herbicide,1,0.396,0.763
6,3,11I,9,11,StaticFlux,Low Light,25,Medium Herbicide,1,0.53025,0.797
6,4,11J,10,11,StaticFlux,Low Light,25,Medium Herbicide,1,0.235,0.7705
6,4,11K,11,11,StaticFlux,Low Light,25,Medium Herbicide,1,0.2785,0.80025
6,4,11L,12,11,StaticFlux,Low Light,25,Medium Herbicide,1,0.71125,0.7765
7,1,11A,1,11,StaticFlux,Low Light,25,Medium Herbicide,1,0.657,0.7755
7,1,11B,2,11,StaticFlux,Low Light,25,Medium Herbicide,1,0.71775,0.79975
7,1,11C,3,11,StaticFlux,Low Light,25,Medium Herbicide,1,0.747,0.797
7,2,11F,6,11,StaticFlux,Low Light,25,Medium Herbicide,1,0.758,0.7285
7,2,11D,4,11,StaticFlux,Low Light,25,Medium Herbicide,1,0.622,0.76275
7,2,11E,5,11,StaticFlux,Low Light,25,Medium Herbicide,1,0.61725,0.791
7,3,11G,7,11,StaticFlux,Low Light,25,Medium Herbicide,1,0.10525,0.76675
7,3,11H,8,11,StaticFlux,Low Light,25,Medium Herbicide,1,0.2145,0.763
7,3,11I,9,11,StaticFlux,Low Light,25,Medium Herbicide,1,NA,0.797
7,4,11L,12,11,StaticFlux,Low Light,25,Medium Herbicide,1,0.7195,0.7765
7,4,11J,10,11,StaticFlux,Low Light,25,Medium Herbicide,1,0.57425,0.7705
7,4,11K,11,11,StaticFlux,Low Light,25,Medium Herbicide,1,0.59825,0.80025
2,1,13A,1,13,StaticFlux,Medium Light,75,High Herbicide,2,0.4695,0.768
2,1,13B,2,13,StaticFlux,Medium Light,75,High Herbicide,2,0.724,0.7925
2,1,13C,3,13,StaticFlux,Medium Light,75,High Herbicide,2,0.4905,0.743
2,2,13D,4,13,StaticFlux,Medium Light,75,High Herbicide,2,0.67875,0.757
2,2,13E,5,13,StaticFlux,Medium Light,75,High Herbicide,2,0.70375,0.774
2,2,13F,6,13,StaticFlux,Medium Light,75,High Herbicide,2,0.7075,0.7595
2,3,13G,7,13,StaticFlux,Medium Light,75,High Herbicide,2,0.73375,0.7665
2,3,13H,8,13,StaticFlux,Medium Light,75,High Herbicide,2,0.7015,0.7865
2,3,13I,9,13,StaticFlux,Medium Light,75,High Herbicide,2,0.43275,0.822
2,4,13J,10,13,StaticFlux,Medium Light,75,High Herbicide,2,0.71225,0.806
2,4,13K,11,13,StaticFlux,Medium Light,75,High Herbicide,2,0.69875,0.79675
2,4,13L,12,13,StaticFlux,Medium Light,75,High Herbicide,2,0.6665,0.78675
4,1,13A,1,13,StaticFlux,Medium Light,75,High Herbicide,2,0.17425,0.768
4,1,13B,2,13,StaticFlux,Medium Light,75,High Herbicide,2,0.71325,0.7925
4,1,13C,3,13,StaticFlux,Medium Light,75,High Herbicide,2,0.54,0.743
4,2,13D,4,13,StaticFlux,Medium Light,75,High Herbicide,2,0.67975,0.757
4,2,13E,5,13,StaticFlux,Medium Light,75,High Herbicide,2,0.7105,0.774
4,2,13F,6,13,StaticFlux,Medium Light,75,High Herbicide,2,0.7365,0.7595
4,3,13G,7,13,StaticFlux,Medium Light,75,High Herbicide,2,0.73875,0.7665
4,3,13H,8,13,StaticFlux,Medium Light,75,High Herbicide,2,0.73925,0.7865
4,3,13I,9,13,StaticFlux,Medium Light,75,High Herbicide,2,0.60075,0.822
4,4,13J,10,13,StaticFlux,Medium Light,75,High Herbicide,2,0.71475,0.806
4,4,13K,11,13,StaticFlux,Medium Light,75,High Herbicide,2,0.722,0.79675
4,4,13L,12,13,StaticFlux,Medium Light,75,High Herbicide,2,0.63625,0.78675
6,1,13A,1,13,StaticFlux,Medium Light,75,High Herbicide,2,0.097,0.768
6,1,13B,2,13,StaticFlux,Medium Light,75,High Herbicide,2,0.52075,0.7925
6,1,13C,3,13,StaticFlux,Medium Light,75,High Herbicide,2,0.4885,0.743
6,2,13D,4,13,StaticFlux,Medium Light,75,High Herbicide,2,0.31075,0.757
6,2,13E,5,13,StaticFlux,Medium Light,75,High Herbicide,2,0.35575,0.774
6,2,13F,6,13,StaticFlux,Medium Light,75,High Herbicide,2,0.36775,0.7595
6,3,13G,7,13,StaticFlux,Medium Light,75,High Herbicide,2,0.67425,0.7665
6,3,13H,8,13,StaticFlux,Medium Light,75,High Herbicide,2,0.65525,0.7865
6,3,13I,9,13,StaticFlux,Medium Light,75,High Herbicide,2,0.4875,0.822
6,4,13J,10,13,StaticFlux,Medium Light,75,High Herbicide,2,0.2005,0.806
6,4,13K,11,13,StaticFlux,Medium Light,75,High Herbicide,2,0.213,0.79675
6,4,13L,12,13,StaticFlux,Medium Light,75,High Herbicide,2,0.64125,0.78675
7,1,13A,1,13,StaticFlux,Medium Light,75,High Herbicide,2,0.313,0.768
7,1,13B,2,13,StaticFlux,Medium Light,75,High Herbicide,2,0.62825,0.7925
7,1,13C,3,13,StaticFlux,Medium Light,75,High Herbicide,2,0.4085,0.743
7,2,13F,6,13,StaticFlux,Medium Light,75,High Herbicide,2,0.4195,0.7595
7,2,13D,4,13,StaticFlux,Medium Light,75,High Herbicide,2,0.26675,0.757
7,2,13E,5,13,StaticFlux,Medium Light,75,High Herbicide,2,0.535,0.774
7,3,13G,7,13,StaticFlux,Medium Light,75,High Herbicide,2,0.63725,0.7665
7,3,13H,8,13,StaticFlux,Medium Light,75,High Herbicide,2,0.604,0.7865
7,3,13I,9,13,StaticFlux,Medium Light,75,High Herbicide,2,0.468,0.822
7,4,13L,12,13,StaticFlux,Medium Light,75,High Herbicide,2,0.459,0.78675
7,4,13J,10,13,StaticFlux,Medium Light,75,High Herbicide,2,0.44175,0.806
7,4,13K,11,13,StaticFlux,Medium Light,75,High Herbicide,2,0.5075,0.79675
2,1,14A,1,14,StaticFlux,Low Light,25,High Herbicide,2,0.73625,0.746
2,1,14B,2,14,StaticFlux,Low Light,25,High Herbicide,2,0.68025,0.78325
2,1,14C,3,14,StaticFlux,Low Light,25,High Herbicide,2,0.37875,0.78375
2,2,14D,4,14,StaticFlux,Low Light,25,High Herbicide,2,0.73475,0.77725
2,2,14E,5,14,StaticFlux,Low Light,25,High Herbicide,2,0.75775,0.78725
2,2,14F,6,14,StaticFlux,Low Light,25,High Herbicide,2,0.76275,0.7635
2,3,14G,7,14,StaticFlux,Low Light,25,High Herbicide,2,0.7425,0.792
2,3,14H,8,14,StaticFlux,Low Light,25,High Herbicide,2,0.73975,0.7895
2,3,14I,9,14,StaticFlux,Low Light,25,High Herbicide,2,0.75075,0.80325
2,4,14J,10,14,StaticFlux,Low Light,25,High Herbicide,2,0.73025,0.80375
2,4,14K,11,14,StaticFlux,Low Light,25,High Herbicide,2,0.7675,0.77475
2,4,14L,12,14,StaticFlux,Low Light,25,High Herbicide,2,0.72075,0.803
4,1,14A,1,14,StaticFlux,Low Light,25,High Herbicide,2,0.73775,0.746
4,1,14B,2,14,StaticFlux,Low Light,25,High Herbicide,2,0.7375,0.78325
4,1,14C,3,14,StaticFlux,Low Light,25,High Herbicide,2,0.59825,0.78375
4,2,14D,4,14,StaticFlux,Low Light,25,High Herbicide,2,0.5485,0.77725
4,2,14E,5,14,StaticFlux,Low Light,25,High Herbicide,2,0.52175,0.78725
4,2,14F,6,14,StaticFlux,Low Light,25,High Herbicide,2,0.774,0.7635
4,3,14G,7,14,StaticFlux,Low Light,25,High Herbicide,2,0.7385,0.792
4,3,14H,8,14,StaticFlux,Low Light,25,High Herbicide,2,0.75375,0.7895
4,3,14I,9,14,StaticFlux,Low Light,25,High Herbicide,2,0.78175,0.80325
4,4,14J,10,14,StaticFlux,Low Light,25,High Herbicide,2,0.7515,0.80375
4,4,14K,11,14,StaticFlux,Low Light,25,High Herbicide,2,0.78375,0.77475
4,4,14L,12,14,StaticFlux,Low Light,25,High Herbicide,2,0.45525,0.803
6,1,14A,1,14,StaticFlux,Low Light,25,High Herbicide,2,0.418,0.746
6,1,14B,2,14,StaticFlux,Low Light,25,High Herbicide,2,0.3935,0.78325
6,1,14C,3,14,StaticFlux,Low Light,25,High Herbicide,2,0.64775,0.78375
6,2,14D,4,14,StaticFlux,Low Light,25,High Herbicide,2,0.57075,0.77725
6,2,14E,5,14,StaticFlux,Low Light,25,High Herbicide,2,0.6925,0.78725
6,2,14F,6,14,StaticFlux,Low Light,25,High Herbicide,2,0.40575,0.7635
6,3,14G,7,14,StaticFlux,Low Light,25,High Herbicide,2,0.4565,0.792
6,3,14H,8,14,StaticFlux,Low Light,25,High Herbicide,2,0.5205,0.7895
6,3,14I,9,14,StaticFlux,Low Light,25,High Herbicide,2,0.3625,0.80325
6,4,14J,10,14,StaticFlux,Low Light,25,High Herbicide,2,0.45475,0.80375
6,4,14K,11,14,StaticFlux,Low Light,25,High Herbicide,2,0.54675,0.77475
6,4,14L,12,14,StaticFlux,Low Light,25,High Herbicide,2,0.7485,0.803
7,1,14A,1,14,StaticFlux,Low Light,25,High Herbicide,2,0.59325,0.746
7,1,14B,2,14,StaticFlux,Low Light,25,High Herbicide,2,0.61875,0.78325
7,1,14C,3,14,StaticFlux,Low Light,25,High Herbicide,2,0.646,0.78375
7,2,14F,6,14,StaticFlux,Low Light,25,High Herbicide,2,0.5725,0.7635
7,2,14D,4,14,StaticFlux,Low Light,25,High Herbicide,2,0.616,0.77725
7,2,14E,5,14,StaticFlux,Low Light,25,High Herbicide,2,0.65975,0.78725
7,3,14G,7,14,StaticFlux,Low Light,25,High Herbicide,2,0.68225,0.792
7,3,14H,8,14,StaticFlux,Low Light,25,High Herbicide,2,0.682,0.7895
7,3,14I,9,14,StaticFlux,Low Light,25,High Herbicide,2,0.5565,0.80325
7,4,14L,12,14,StaticFlux,Low Light,25,High Herbicide,2,0.605,0.803
7,4,14J,10,14,StaticFlux,Low Light,25,High Herbicide,2,0.44575,0.80375
7,4,14K,11,14,StaticFlux,Low Light,25,High Herbicide,2,0.48175,0.77475
2,1,17A,1,17,FluxStatic,Medium Light,75,Medium Herbicide,1,0.73725,0.78525
2,1,17B,2,17,FluxStatic,Medium Light,75,Medium Herbicide,1,0.30125,0.74075
2,1,17C,3,17,FluxStatic,Medium Light,75,Medium Herbicide,1,0.70425,0.73275
2,2,17D,4,17,FluxStatic,Medium Light,75,Medium Herbicide,1,0.706,0.8
2,2,17E,5,17,FluxStatic,Medium Light,75,Medium Herbicide,1,0.66225,0.772
2,2,17F,6,17,FluxStatic,Medium Light,75,Medium Herbicide,1,0.77475,0.77225
2,3,17G,7,17,FluxStatic,Medium Light,75,Medium Herbicide,1,0.71175,0.80125
2,3,17H,8,17,FluxStatic,Medium Light,75,Medium Herbicide,1,0.73425,0.78675
2,3,17I,9,17,FluxStatic,Medium Light,75,Medium Herbicide,1,0.7365,0.78225
2,4,17J,10,17,FluxStatic,Medium Light,75,Medium Herbicide,1,0.74075,0.78825
2,4,17K,11,17,FluxStatic,Medium Light,75,Medium Herbicide,1,0.7595,0.79875
2,4,17L,12,17,FluxStatic,Medium Light,75,Medium Herbicide,1,0.71325,0.819
4,1,17A,1,17,FluxStatic,Medium Light,75,Medium Herbicide,1,0.6785,0.78525
4,1,17B,2,17,FluxStatic,Medium Light,75,Medium Herbicide,1,0.1315,0.74075
4,1,17C,3,17,FluxStatic,Medium Light,75,Medium Herbicide,1,0.528,0.73275
4,2,17D,4,17,FluxStatic,Medium Light,75,Medium Herbicide,1,0.70375,0.8
4,2,17E,5,17,FluxStatic,Medium Light,75,Medium Herbicide,1,0.6205,0.772
4,2,17F,6,17,FluxStatic,Medium Light,75,Medium Herbicide,1,0.7055,0.77225
4,3,17G,7,17,FluxStatic,Medium Light,75,Medium Herbicide,1,0.4175,0.80125
4,3,17H,8,17,FluxStatic,Medium Light,75,Medium Herbicide,1,0.5955,0.78675
4,3,17I,9,17,FluxStatic,Medium Light,75,Medium Herbicide,1,0.68425,0.78225
4,4,17J,10,17,FluxStatic,Medium Light,75,Medium Herbicide,1,0.67525,0.78825
4,4,17K,11,17,FluxStatic,Medium Light,75,Medium Herbicide,1,0.65125,0.79875
4,4,17L,12,17,FluxStatic,Medium Light,75,Medium Herbicide,1,0.62125,0.819
6,1,17A,1,17,FluxStatic,Medium Light,75,Medium Herbicide,1,0.664,0.78525
6,1,17B,2,17,FluxStatic,Medium Light,75,Medium Herbicide,1,0.26175,0.74075
6,1,17C,3,17,FluxStatic,Medium Light,75,Medium Herbicide,1,0.46575,0.73275
6,2,17D,4,17,FluxStatic,Medium Light,75,Medium Herbicide,1,0.4745,0.8
6,2,17E,5,17,FluxStatic,Medium Light,75,Medium Herbicide,1,0.5545,0.772
6,2,17F,6,17,FluxStatic,Medium Light,75,Medium Herbicide,1,0.757,0.77225
6,3,17G,7,17,FluxStatic,Medium Light,75,Medium Herbicide,1,0.67675,0.80125
6,3,17H,8,17,FluxStatic,Medium Light,75,Medium Herbicide,1,0.580363636,0.78675
6,3,17I,9,17,FluxStatic,Medium Light,75,Medium Herbicide,1,0.68,0.78225
6,4,17J,10,17,FluxStatic,Medium Light,75,Medium Herbicide,1,0.49175,0.78825
6,4,17K,11,17,FluxStatic,Medium Light,75,Medium Herbicide,1,0.623,0.79875
6,4,17L,12,17,FluxStatic,Medium Light,75,Medium Herbicide,1,0.735,0.819
7,1,17A,1,17,FluxStatic,Medium Light,75,Medium Herbicide,1,0.595,0.78525
7,1,17B,2,17,FluxStatic,Medium Light,75,Medium Herbicide,1,0.16425,0.74075
7,1,17C,3,17,FluxStatic,Medium Light,75,Medium Herbicide,1,0.56225,0.73275
7,2,17F,6,17,FluxStatic,Medium Light,75,Medium Herbicide,1,0.507,0.77225
7,2,17D,4,17,FluxStatic,Medium Light,75,Medium Herbicide,1,0.5685,0.8
7,2,17E,5,17,FluxStatic,Medium Light,75,Medium Herbicide,1,0.58325,0.772
7,3,17G,7,17,FluxStatic,Medium Light,75,Medium Herbicide,1,0.627,0.80125
7,3,17H,8,17,FluxStatic,Medium Light,75,Medium Herbicide,1,NA,0.78675
7,3,17I,9,17,FluxStatic,Medium Light,75,Medium Herbicide,1,0.53325,0.78225
7,4,17L,12,17,FluxStatic,Medium Light,75,Medium Herbicide,1,0.6815,0.819
7,4,17J,10,17,FluxStatic,Medium Light,75,Medium Herbicide,1,0.39975,0.78825
7,4,17K,11,17,FluxStatic,Medium Light,75,Medium Herbicide,1,0.34025,0.79875
2,1,18A,1,18,FluxStatic,Low Light,25,Medium Herbicide,1,0.7055,0.798
2,1,18B,2,18,FluxStatic,Low Light,25,Medium Herbicide,1,0.67575,0.78025
2,1,18C,3,18,FluxStatic,Low Light,25,Medium Herbicide,1,0.35475,0.79375
2,2,18D,4,18,FluxStatic,Low Light,25,Medium Herbicide,1,0.77375,0.79325
2,2,18E,5,18,FluxStatic,Low Light,25,Medium Herbicide,1,0.763,0.785
2,2,18F,6,18,FluxStatic,Low Light,25,Medium Herbicide,1,0.746,0.765
2,3,18G,7,18,FluxStatic,Low Light,25,Medium Herbicide,1,0.758,0.77175
2,3,18H,8,18,FluxStatic,Low Light,25,Medium Herbicide,1,0.7615,0.82325
2,3,18I,9,18,FluxStatic,Low Light,25,Medium Herbicide,1,0.751,0.789
2,4,18J,10,18,FluxStatic,Low Light,25,Medium Herbicide,1,0.7485,0.79475
2,4,18K,11,18,FluxStatic,Low Light,25,Medium Herbicide,1,0.7675,0.817
2,4,18L,12,18,FluxStatic,Low Light,25,Medium Herbicide,1,0.764,0.79
4,1,18A,1,18,FluxStatic,Low Light,25,Medium Herbicide,1,0.728,0.798
4,1,18B,2,18,FluxStatic,Low Light,25,Medium Herbicide,1,0.73875,0.78025
4,1,18C,3,18,FluxStatic,Low Light,25,Medium Herbicide,1,0.1025,0.79375
4,2,18D,4,18,FluxStatic,Low Light,25,Medium Herbicide,1,0.742,0.79325
4,2,18E,5,18,FluxStatic,Low Light,25,Medium Herbicide,1,0.72725,0.785
4,2,18F,6,18,FluxStatic,Low Light,25,Medium Herbicide,1,0.7575,0.765
4,3,18G,7,18,FluxStatic,Low Light,25,Medium Herbicide,1,0.6005,0.77175
4,3,18H,8,18,FluxStatic,Low Light,25,Medium Herbicide,1,0.73275,0.82325
4,3,18I,9,18,FluxStatic,Low Light,25,Medium Herbicide,1,0.705,0.789
4,4,18J,10,18,FluxStatic,Low Light,25,Medium Herbicide,1,0.754,0.79475
4,4,18K,11,18,FluxStatic,Low Light,25,Medium Herbicide,1,0.766,0.817
4,4,18L,12,18,FluxStatic,Low Light,25,Medium Herbicide,1,0.717,0.79
6,1,18A,1,18,FluxStatic,Low Light,25,Medium Herbicide,1,0.719,0.798
6,1,18B,2,18,FluxStatic,Low Light,25,Medium Herbicide,1,0.673,0.78025
6,1,18C,3,18,FluxStatic,Low Light,25,Medium Herbicide,1,0.671568182,0.79375
6,2,18D,4,18,FluxStatic,Low Light,25,Medium Herbicide,1,0.50725,0.79325
6,2,18E,5,18,FluxStatic,Low Light,25,Medium Herbicide,1,0.49775,0.785
6,2,18F,6,18,FluxStatic,Low Light,25,Medium Herbicide,1,0.68925,0.765
6,3,18G,7,18,FluxStatic,Low Light,25,Medium Herbicide,1,0.74875,0.77175
6,3,18H,8,18,FluxStatic,Low Light,25,Medium Herbicide,1,0.76,0.82325
6,3,18I,9,18,FluxStatic,Low Light,25,Medium Herbicide,1,0.663,0.789
6,4,18J,10,18,FluxStatic,Low Light,25,Medium Herbicide,1,0.754,0.79475
6,4,18K,11,18,FluxStatic,Low Light,25,Medium Herbicide,1,0.6325,0.817
6,4,18L,12,18,FluxStatic,Low Light,25,Medium Herbicide,1,0.74275,0.79
7,1,18B,2,18,FluxStatic,Low Light,25,Medium Herbicide,1,0.7315,0.798
7,1,18C,3,18,FluxStatic,Low Light,25,Medium Herbicide,1,NA,0.78025
7,1,18A,1,18,FluxStatic,Low Light,25,Medium Herbicide,1,0.7215,0.79375
7,2,18F,6,18,FluxStatic,Low Light,25,Medium Herbicide,1,0.73,0.765
7,2,18D,4,18,FluxStatic,Low Light,25,Medium Herbicide,1,0.64675,0.79325
7,2,18E,5,18,FluxStatic,Low Light,25,Medium Herbicide,1,0.58875,0.785
7,3,18G,7,18,FluxStatic,Low Light,25,Medium Herbicide,1,0.328,0.77175
7,3,18H,8,18,FluxStatic,Low Light,25,Medium Herbicide,1,0.37175,0.82325
7,3,18I,9,18,FluxStatic,Low Light,25,Medium Herbicide,1,0.70925,0.789
7,4,18L,12,18,FluxStatic,Low Light,25,Medium Herbicide,1,0.51975,0.79
7,4,18J,10,18,FluxStatic,Low Light,25,Medium Herbicide,1,0.47775,0.79475
7,4,18K,11,18,FluxStatic,Low Light,25,Medium Herbicide,1,0.23575,0.817
2,1,19A,1,19,FluxStatic,Medium Light,75,High Herbicide,2,0.72125,0.798
2,1,19B,2,19,FluxStatic,Medium Light,75,High Herbicide,2,0.645,0.7775
2,1,19C,3,19,FluxStatic,Medium Light,75,High Herbicide,2,0.42125,0.77425
2,2,19D,4,19,FluxStatic,Medium Light,75,High Herbicide,2,0.74375,0.74925
2,2,19E,5,19,FluxStatic,Medium Light,75,High Herbicide,2,0.75175,0.70175
2,2,19F,6,19,FluxStatic,Medium Light,75,High Herbicide,2,0.7415,0.762
2,3,19G,7,19,FluxStatic,Medium Light,75,High Herbicide,2,0.75025,0.80475
2,3,19H,8,19,FluxStatic,Medium Light,75,High Herbicide,2,0.75275,0.7995
2,3,19I,9,19,FluxStatic,Medium Light,75,High Herbicide,2,0.761,0.80475
2,4,19J,10,19,FluxStatic,Medium Light,75,High Herbicide,2,0.75325,0.761
2,4,19K,11,19,FluxStatic,Medium Light,75,High Herbicide,2,0.75325,0.777
2,4,19L,12,19,FluxStatic,Medium Light,75,High Herbicide,2,0.70325,0.76
4,1,19A,1,19,FluxStatic,Medium Light,75,High Herbicide,2,0.616,0.798
4,1,19B,2,19,FluxStatic,Medium Light,75,High Herbicide,2,0.67025,0.7775
4,1,19C,3,19,FluxStatic,Medium Light,75,High Herbicide,2,0.555,0.77425
4,2,19D,4,19,FluxStatic,Medium Light,75,High Herbicide,2,0.602,0.74925
4,2,19E,5,19,FluxStatic,Medium Light,75,High Herbicide,2,0.69025,0.70175
4,2,19F,6,19,FluxStatic,Medium Light,75,High Herbicide,2,0.70025,0.762
4,3,19G,7,19,FluxStatic,Medium Light,75,High Herbicide,2,0.77,0.80475
4,3,19H,8,19,FluxStatic,Medium Light,75,High Herbicide,2,0.71625,0.7995
4,3,19I,9,19,FluxStatic,Medium Light,75,High Herbicide,2,0.688,0.80475
4,4,19J,10,19,FluxStatic,Medium Light,75,High Herbicide,2,0.63425,0.761
4,4,19K,11,19,FluxStatic,Medium Light,75,High Herbicide,2,0.606,0.777
4,4,19L,12,19,FluxStatic,Medium Light,75,High Herbicide,2,0.656,0.76
6,1,19A,1,19,FluxStatic,Medium Light,75,High Herbicide,2,0.58025,0.798
6,1,19B,2,19,FluxStatic,Medium Light,75,High Herbicide,2,0.59225,0.7775
6,1,19C,3,19,FluxStatic,Medium Light,75,High Herbicide,2,0.59,0.77425
6,2,19D,4,19,FluxStatic,Medium Light,75,High Herbicide,2,0.6335,0.74925
6,2,19E,5,19,FluxStatic,Medium Light,75,High Herbicide,2,0.6435,0.70175
6,2,19F,6,19,FluxStatic,Medium Light,75,High Herbicide,2,0.72675,0.762
6,3,19G,7,19,FluxStatic,Medium Light,75,High Herbicide,2,0.71525,0.80475
6,3,19H,8,19,FluxStatic,Medium Light,75,High Herbicide,2,0.698,0.7995
6,3,19I,9,19,FluxStatic,Medium Light,75,High Herbicide,2,0.403,0.80475
6,4,19J,10,19,FluxStatic,Medium Light,75,High Herbicide,2,0.66725,0.761
6,4,19K,11,19,FluxStatic,Medium Light,75,High Herbicide,2,0.10975,0.777
6,4,19L,12,19,FluxStatic,Medium Light,75,High Herbicide,2,0.51525,0.76
7,1,19A,1,19,FluxStatic,Medium Light,75,High Herbicide,2,0.57275,0.798
7,1,19B,2,19,FluxStatic,Medium Light,75,High Herbicide,2,0.596,0.7775
7,1,19C,3,19,FluxStatic,Medium Light,75,High Herbicide,2,0.4025,0.77425
7,2,19F,6,19,FluxStatic,Medium Light,75,High Herbicide,2,0.6425,0.762
7,2,19D,4,19,FluxStatic,Medium Light,75,High Herbicide,2,0.6095,0.74925
7,2,19E,5,19,FluxStatic,Medium Light,75,High Herbicide,2,0.6095,0.70175
7,3,19G,7,19,FluxStatic,Medium Light,75,High Herbicide,2,0.614,0.80475
7,3,19H,8,19,FluxStatic,Medium Light,75,High Herbicide,2,0.675,0.7995
7,3,19I,9,19,FluxStatic,Medium Light,75,High Herbicide,2,0.2565,0.80475
7,4,19L,12,19,FluxStatic,Medium Light,75,High Herbicide,2,0.493,0.76
7,4,19J,10,19,FluxStatic,Medium Light,75,High Herbicide,2,0.33725,0.761
7,4,19K,11,19,FluxStatic,Medium Light,75,High Herbicide,2,0.42175,0.777
2,1,20A,1,20,FluxStatic,Low Light,25,High Herbicide,2,0.75175,0.73
2,1,20B,2,20,FluxStatic,Low Light,25,High Herbicide,2,0.49725,0.75925
2,1,20C,3,20,FluxStatic,Low Light,25,High Herbicide,2,0.17975,0.80375
2,2,20D,4,20,FluxStatic,Low Light,25,High Herbicide,2,0.74775,0.7945
2,2,20E,5,20,FluxStatic,Low Light,25,High Herbicide,2,0.73075,0.76075
2,2,20F,6,20,FluxStatic,Low Light,25,High Herbicide,2,0.75325,0.75575
2,3,20G,7,20,FluxStatic,Low Light,25,High Herbicide,2,0.74125,0.7765
2,3,20H,8,20,FluxStatic,Low Light,25,High Herbicide,2,0.7515,0.75525
2,3,20I,9,20,FluxStatic,Low Light,25,High Herbicide,2,0.73725,0.8015
2,4,20J,10,20,FluxStatic,Low Light,25,High Herbicide,2,0.7795,0.77025
2,4,20K,11,20,FluxStatic,Low Light,25,High Herbicide,2,0.7795,0.80925
2,4,20L,12,20,FluxStatic,Low Light,25,High Herbicide,2,0.776,0.8245
4,1,20A,1,20,FluxStatic,Low Light,25,High Herbicide,2,0.7495,0.73
4,1,20B,2,20,FluxStatic,Low Light,25,High Herbicide,2,0.58825,0.75925
4,1,20C,3,20,FluxStatic,Low Light,25,High Herbicide,2,0.615,0.80375
4,2,20D,4,20,FluxStatic,Low Light,25,High Herbicide,2,0.676,0.7945
4,2,20E,5,20,FluxStatic,Low Light,25,High Herbicide,2,0.722,0.76075
4,2,20F,6,20,FluxStatic,Low Light,25,High Herbicide,2,0.7515,0.75575
4,3,20G,7,20,FluxStatic,Low Light,25,High Herbicide,2,0.7265,0.7765
4,3,20H,8,20,FluxStatic,Low Light,25,High Herbicide,2,0.56725,0.75525
4,3,20I,9,20,FluxStatic,Low Light,25,High Herbicide,2,0.68425,0.8015
4,4,20J,10,20,FluxStatic,Low Light,25,High Herbicide,2,0.71975,0.77025
4,4,20K,11,20,FluxStatic,Low Light,25,High Herbicide,2,0.7315,0.80925
4,4,20L,12,20,FluxStatic,Low Light,25,High Herbicide,2,0.71175,0.8245
6,1,20A,1,20,FluxStatic,Low Light,25,High Herbicide,2,0.35375,0.73
6,1,20B,2,20,FluxStatic,Low Light,25,High Herbicide,2,0.2035,0.75925
6,1,20C,3,20,FluxStatic,Low Light,25,High Herbicide,2,0.2355,0.80375
6,2,20D,4,20,FluxStatic,Low Light,25,High Herbicide,2,0.37225,0.7945
6,2,20E,5,20,FluxStatic,Low Light,25,High Herbicide,2,0.32825,0.76075
6,2,20F,6,20,FluxStatic,Low Light,25,High Herbicide,2,0.757,0.75575
6,3,20G,7,20,FluxStatic,Low Light,25,High Herbicide,2,0.6215,0.7765
6,3,20H,8,20,FluxStatic,Low Light,25,High Herbicide,2,0.577,0.75525
6,3,20I,9,20,FluxStatic,Low Light,25,High Herbicide,2,0.731,0.8015
6,4,20J,10,20,FluxStatic,Low Light,25,High Herbicide,2,0.63975,0.77025
6,4,20K,11,20,FluxStatic,Low Light,25,High Herbicide,2,0.515,0.80925
6,4,20L,12,20,FluxStatic,Low Light,25,High Herbicide,2,0.7055,0.8245
7,1,20A,1,20,FluxStatic,Low Light,25,High Herbicide,2,0.63825,0.73
7,1,20B,2,20,FluxStatic,Low Light,25,High Herbicide,2,0.64025,0.75925
7,1,20C,3,20,FluxStatic,Low Light,25,High Herbicide,2,0.45725,0.80375
7,2,20F,6,20,FluxStatic,Low Light,25,High Herbicide,2,0.7335,0.75575
7,2,20D,4,20,FluxStatic,Low Light,25,High Herbicide,2,0.5815,0.7945
7,2,20E,5,20,FluxStatic,Low Light,25,High Herbicide,2,0.05975,0.76075
7,3,20G,7,20,FluxStatic,Low Light,25,High Herbicide,2,0.65825,0.7765
7,3,20H,8,20,FluxStatic,Low Light,25,High Herbicide,2,0.68225,0.75525
7,3,20I,9,20,FluxStatic,Low Light,25,High Herbicide,2,0.7,0.8015
7,4,20L,12,20,FluxStatic,Low Light,25,High Herbicide,2,0.67875,0.8245
7,4,20J,10,20,FluxStatic,Low Light,25,High Herbicide,2,0.04,0.77025
7,4,20K,11,20,FluxStatic,Low Light,25,High Herbicide,2,0.2245,0.80925
2,1,21A,1,21,InPhase,Medium Light,75,Medium Herbicide,1,0.7525,0.77875
2,1,21B,2,21,InPhase,Medium Light,75,Medium Herbicide,1,0.5515,0.80875
2,1,21C,3,21,InPhase,Medium Light,75,Medium Herbicide,1,0.58875,0.71175
2,2,21D,4,21,InPhase,Medium Light,75,Medium Herbicide,1,0.73625,0.7795
2,2,21E,5,21,InPhase,Medium Light,75,Medium Herbicide,1,0.71725,0.749
2,2,21F,6,21,InPhase,Medium Light,75,Medium Herbicide,1,0.72025,0.795
2,3,21G,7,21,InPhase,Medium Light,75,Medium Herbicide,1,0.777,0.7805
2,3,21H,8,21,InPhase,Medium Light,75,Medium Herbicide,1,0.746,0.795
2,3,21I,9,21,InPhase,Medium Light,75,Medium Herbicide,1,0.63925,0.8045
2,4,21J,10,21,InPhase,Medium Light,75,Medium Herbicide,1,0.442,0.78625
2,4,21K,11,21,InPhase,Medium Light,75,Medium Herbicide,1,0.731,0.784
2,4,21L,12,21,InPhase,Medium Light,75,Medium Herbicide,1,0.719,0.799
4,1,21A,1,21,InPhase,Medium Light,75,Medium Herbicide,1,0.71675,0.77875
4,1,21B,2,21,InPhase,Medium Light,75,Medium Herbicide,1,0.69875,0.80875
4,1,21C,3,21,InPhase,Medium Light,75,Medium Herbicide,1,0.607,0.71175
4,2,21D,4,21,InPhase,Medium Light,75,Medium Herbicide,1,0.7005,0.7795
4,2,21E,5,21,InPhase,Medium Light,75,Medium Herbicide,1,0.6625,0.749
4,2,21F,6,21,InPhase,Medium Light,75,Medium Herbicide,1,0.582,0.795
4,3,21G,7,21,InPhase,Medium Light,75,Medium Herbicide,1,0.5885,0.7805
4,3,21H,8,21,InPhase,Medium Light,75,Medium Herbicide,1,0.64375,0.795
4,3,21I,9,21,InPhase,Medium Light,75,Medium Herbicide,1,0.605,0.8045
4,4,21J,10,21,InPhase,Medium Light,75,Medium Herbicide,1,0.6675,0.78625
4,4,21K,11,21,InPhase,Medium Light,75,Medium Herbicide,1,0.726,0.784
4,4,21L,12,21,InPhase,Medium Light,75,Medium Herbicide,1,0.70325,0.799
6,1,21A,1,21,InPhase,Medium Light,75,Medium Herbicide,1,0.40475,0.77875
6,1,21B,2,21,InPhase,Medium Light,75,Medium Herbicide,1,0.2695,0.80875
6,1,21C,3,21,InPhase,Medium Light,75,Medium Herbicide,1,0.51925,0.71175
6,2,21D,4,21,InPhase,Medium Light,75,Medium Herbicide,1,0.47475,0.7795
6,2,21E,5,21,InPhase,Medium Light,75,Medium Herbicide,1,0.615,0.749
6,2,21F,6,21,InPhase,Medium Light,75,Medium Herbicide,1,0.72925,0.795
6,3,21G,7,21,InPhase,Medium Light,75,Medium Herbicide,1,0.611,0.7805
6,3,21H,8,21,InPhase,Medium Light,75,Medium Herbicide,1,0.61725,0.795
6,3,21I,9,21,InPhase,Medium Light,75,Medium Herbicide,1,0.3325,0.8045
6,4,21J,10,21,InPhase,Medium Light,75,Medium Herbicide,1,0.23,0.78625
6,4,21K,11,21,InPhase,Medium Light,75,Medium Herbicide,1,0.355,0.784
6,4,21L,12,21,InPhase,Medium Light,75,Medium Herbicide,1,0.66875,0.799
7,1,21A,1,21,InPhase,Medium Light,75,Medium Herbicide,1,0.6875,0.77875
7,1,21B,2,21,InPhase,Medium Light,75,Medium Herbicide,1,0.5785,0.80875
7,1,21C,3,21,InPhase,Medium Light,75,Medium Herbicide,1,0.52525,0.71175
7,2,21F,6,21,InPhase,Medium Light,75,Medium Herbicide,1,0.7035,0.795
7,2,21D,4,21,InPhase,Medium Light,75,Medium Herbicide,1,0.3865,0.7795
7,2,21E,5,21,InPhase,Medium Light,75,Medium Herbicide,1,0.57725,0.749
7,3,21G,7,21,InPhase,Medium Light,75,Medium Herbicide,1,0.5785,0.7805
7,3,21H,8,21,InPhase,Medium Light,75,Medium Herbicide,1,0.54375,0.795
7,3,21I,9,21,InPhase,Medium Light,75,Medium Herbicide,1,0.75875,0.8045
7,4,21L,12,21,InPhase,Medium Light,75,Medium Herbicide,1,0.58775,0.799
7,4,21J,10,21,InPhase,Medium Light,75,Medium Herbicide,1,NA,0.78625
7,4,21K,11,21,InPhase,Medium Light,75,Medium Herbicide,1,0.52175,0.784
2,1,22A,1,22,InPhase,Low Light,25,Medium Herbicide,1,0.75875,0.7785
2,1,22B,2,22,InPhase,Low Light,25,Medium Herbicide,1,0.73375,0.79175
2,1,22C,3,22,InPhase,Low Light,25,Medium Herbicide,1,0.44075,0.79725
2,2,22D,4,22,InPhase,Low Light,25,Medium Herbicide,1,0.7485,0.7635
2,2,22E,5,22,InPhase,Low Light,25,Medium Herbicide,1,0.62675,0.749
2,2,22F,6,22,InPhase,Low Light,25,Medium Herbicide,1,0.7575,0.807
2,3,22G,7,22,InPhase,Low Light,25,Medium Herbicide,1,0.759,0.77325
2,3,22H,8,22,InPhase,Low Light,25,Medium Herbicide,1,0.781,0.81375
2,3,22I,9,22,InPhase,Low Light,25,Medium Herbicide,1,0.7575,0.78025
2,4,22J,10,22,InPhase,Low Light,25,Medium Herbicide,1,0.7585,0.76125
2,4,22K,11,22,InPhase,Low Light,25,Medium Herbicide,1,0.7295,0.823
2,4,22L,12,22,InPhase,Low Light,25,Medium Herbicide,1,0.7555,0.82275
4,1,22A,1,22,InPhase,Low Light,25,Medium Herbicide,1,0.763,0.7785
4,1,22B,2,22,InPhase,Low Light,25,Medium Herbicide,1,0.738,0.79175
4,1,22C,3,22,InPhase,Low Light,25,Medium Herbicide,1,0.73775,0.79725
4,2,22D,4,22,InPhase,Low Light,25,Medium Herbicide,1,0.7145,0.7635
4,2,22E,5,22,InPhase,Low Light,25,Medium Herbicide,1,0.6975,0.749
4,2,22F,6,22,InPhase,Low Light,25,Medium Herbicide,1,0.711,0.807
4,3,22G,7,22,InPhase,Low Light,25,Medium Herbicide,1,0.76725,0.77325
4,3,22H,8,22,InPhase,Low Light,25,Medium Herbicide,1,0.54625,0.81375
4,3,22I,9,22,InPhase,Low Light,25,Medium Herbicide,1,0.74175,0.78025
4,4,22J,10,22,InPhase,Low Light,25,Medium Herbicide,1,0.72025,0.76125
4,4,22K,11,22,InPhase,Low Light,25,Medium Herbicide,1,0.74825,0.823
4,4,22L,12,22,InPhase,Low Light,25,Medium Herbicide,1,0.73675,0.82275
6,1,22A,1,22,InPhase,Low Light,25,Medium Herbicide,1,0.692,0.7785
6,1,22B,2,22,InPhase,Low Light,25,Medium Herbicide,1,0.6505,0.79175
6,1,22C,3,22,InPhase,Low Light,25,Medium Herbicide,1,0.5985,0.79725
6,2,22D,4,22,InPhase,Low Light,25,Medium Herbicide,1,0.27575,0.7635
6,2,22E,5,22,InPhase,Low Light,25,Medium Herbicide,1,0.35875,0.749
6,2,22F,6,22,InPhase,Low Light,25,Medium Herbicide,1,0.71875,0.807
6,3,22G,7,22,InPhase,Low Light,25,Medium Herbicide,1,0.55225,0.77325
6,3,22H,8,22,InPhase,Low Light,25,Medium Herbicide,1,0.12425,0.81375
6,3,22I,9,22,InPhase,Low Light,25,Medium Herbicide,1,0.73575,0.78025
6,4,22J,10,22,InPhase,Low Light,25,Medium Herbicide,1,0.299,0.76125
6,4,22K,11,22,InPhase,Low Light,25,Medium Herbicide,1,0.25525,0.823
6,4,22L,12,22,InPhase,Low Light,25,Medium Herbicide,1,0.68475,0.82275
7,1,22A,1,22,InPhase,Low Light,25,Medium Herbicide,1,0.7455,0.7785
7,1,22B,2,22,InPhase,Low Light,25,Medium Herbicide,1,0.71475,0.79175
7,1,22C,3,22,InPhase,Low Light,25,Medium Herbicide,1,0.6425,0.79725
7,2,22F,6,22,InPhase,Low Light,25,Medium Herbicide,1,0.454,0.807
7,2,22D,4,22,InPhase,Low Light,25,Medium Herbicide,1,0.405,0.7635
7,2,22E,5,22,InPhase,Low Light,25,Medium Herbicide,1,0.52625,0.749
7,3,22G,7,22,InPhase,Low Light,25,Medium Herbicide,1,0.64025,0.77325
7,3,22H,8,22,InPhase,Low Light,25,Medium Herbicide,1,0.13925,0.81375
7,3,22I,9,22,InPhase,Low Light,25,Medium Herbicide,1,NA,0.78025
7,4,22L,12,22,InPhase,Low Light,25,Medium Herbicide,1,0.68875,0.82275
7,4,22J,10,22,InPhase,Low Light,25,Medium Herbicide,1,0.61225,0.76125
7,4,22K,11,22,InPhase,Low Light,25,Medium Herbicide,1,0.62175,0.823
2,1,23A,1,23,InPhase,Medium Light,75,High Herbicide,2,0.2925,0.76175
2,1,23B,2,23,InPhase,Medium Light,75,High Herbicide,2,0.74275,0.78875
2,1,23C,3,23,InPhase,Medium Light,75,High Herbicide,2,0.45325,0.7785
2,2,23D,4,23,InPhase,Medium Light,75,High Herbicide,2,0.757,0.76475
2,2,23E,5,23,InPhase,Medium Light,75,High Herbicide,2,0.7325,0.7885
2,2,23F,6,23,InPhase,Medium Light,75,High Herbicide,2,0.7295,0.80275
2,3,23G,7,23,InPhase,Medium Light,75,High Herbicide,2,0.7715,0.8055
2,3,23H,8,23,InPhase,Medium Light,75,High Herbicide,2,0.76225,0.78575
2,3,23I,9,23,InPhase,Medium Light,75,High Herbicide,2,0.70475,0.7995
2,4,23J,10,23,InPhase,Medium Light,75,High Herbicide,2,0.73325,0.799
2,4,23K,11,23,InPhase,Medium Light,75,High Herbicide,2,0.7615,0.8125
2,4,23L,12,23,InPhase,Medium Light,75,High Herbicide,2,0.74675,0.7875
4,1,23A,1,23,InPhase,Medium Light,75,High Herbicide,2,0.1615,0.76175
4,1,23B,2,23,InPhase,Medium Light,75,High Herbicide,2,0.7095,0.78875
4,1,23C,3,23,InPhase,Medium Light,75,High Herbicide,2,0.64575,0.7785
4,2,23D,4,23,InPhase,Medium Light,75,High Herbicide,2,0.5815,0.76475
4,2,23E,5,23,InPhase,Medium Light,75,High Herbicide,2,0.66775,0.7885
4,2,23F,6,23,InPhase,Medium Light,75,High Herbicide,2,0.7105,0.80275
4,3,23G,7,23,InPhase,Medium Light,75,High Herbicide,2,0.7115,0.8055
4,3,23H,8,23,InPhase,Medium Light,75,High Herbicide,2,0.70925,0.78575
4,3,23I,9,23,InPhase,Medium Light,75,High Herbicide,2,0.683,0.7995
4,4,23J,10,23,InPhase,Medium Light,75,High Herbicide,2,0.63275,0.799
4,4,23K,11,23,InPhase,Medium Light,75,High Herbicide,2,0.73075,0.8125
4,4,23L,12,23,InPhase,Medium Light,75,High Herbicide,2,0.621,0.7875
6,1,23A,1,23,InPhase,Medium Light,75,High Herbicide,2,0.11325,0.76175
6,1,23B,2,23,InPhase,Medium Light,75,High Herbicide,2,0.494,0.78875
6,1,23C,3,23,InPhase,Medium Light,75,High Herbicide,2,0.50575,0.7785
6,2,23D,4,23,InPhase,Medium Light,75,High Herbicide,2,0.34825,0.76475
6,2,23E,5,23,InPhase,Medium Light,75,High Herbicide,2,0.30625,0.7885
6,2,23F,6,23,InPhase,Medium Light,75,High Herbicide,2,0.3555,0.80275
6,3,23G,7,23,InPhase,Medium Light,75,High Herbicide,2,0.3905,0.8055
6,3,23H,8,23,InPhase,Medium Light,75,High Herbicide,2,0.32525,0.78575
6,3,23I,9,23,InPhase,Medium Light,75,High Herbicide,2,0.5905,0.7995
6,4,23J,10,23,InPhase,Medium Light,75,High Herbicide,2,0.203,0.799
6,4,23K,11,23,InPhase,Medium Light,75,High Herbicide,2,0.23675,0.8125
6,4,23L,12,23,InPhase,Medium Light,75,High Herbicide,2,0.713,0.7875
7,1,23A,1,23,InPhase,Medium Light,75,High Herbicide,2,0.2195,0.76175
7,1,23B,2,23,InPhase,Medium Light,75,High Herbicide,2,0.65275,0.78875
7,1,23C,3,23,InPhase,Medium Light,75,High Herbicide,2,0.57325,0.7785
7,2,23F,6,23,InPhase,Medium Light,75,High Herbicide,2,0.33475,0.80275
7,2,23D,4,23,InPhase,Medium Light,75,High Herbicide,2,0.5945,0.76475
7,2,23E,5,23,InPhase,Medium Light,75,High Herbicide,2,0.57025,0.7885
7,3,23G,7,23,InPhase,Medium Light,75,High Herbicide,2,0.435,0.8055
7,3,23H,8,23,InPhase,Medium Light,75,High Herbicide,2,0.50675,0.78575
7,3,23I,9,23,InPhase,Medium Light,75,High Herbicide,2,0.48075,0.7995
7,4,23L,12,23,InPhase,Medium Light,75,High Herbicide,2,0.626,0.7875
7,4,23J,10,23,InPhase,Medium Light,75,High Herbicide,2,0.49525,0.799
7,4,23K,11,23,InPhase,Medium Light,75,High Herbicide,2,0.444,0.8125
2,1,24A,1,24,InPhase,Low Light,25,High Herbicide,2,0.732,0.775
2,1,24B,2,24,InPhase,Low Light,25,High Herbicide,2,0.60925,0.79275
2,1,24C,3,24,InPhase,Low Light,25,High Herbicide,2,0.59675,0.78825
2,2,24D,4,24,InPhase,Low Light,25,High Herbicide,2,0.7395,0.7265
2,2,24E,5,24,InPhase,Low Light,25,High Herbicide,2,0.75475,0.7535
2,2,24F,6,24,InPhase,Low Light,25,High Herbicide,2,0.76625,0.7745
2,3,24G,7,24,InPhase,Low Light,25,High Herbicide,2,0.778,0.79525
2,3,24H,8,24,InPhase,Low Light,25,High Herbicide,2,0.7055,0.6815
2,3,24I,9,24,InPhase,Low Light,25,High Herbicide,2,0.63675,0.80125
2,4,24J,10,24,InPhase,Low Light,25,High Herbicide,2,0.7255,0.80325
2,4,24K,11,24,InPhase,Low Light,25,High Herbicide,2,0.751,0.78475
2,4,24L,12,24,InPhase,Low Light,25,High Herbicide,2,0.7675,0.818
4,1,24A,1,24,InPhase,Low Light,25,High Herbicide,2,0.1535,0.775
4,1,24B,2,24,InPhase,Low Light,25,High Herbicide,2,0.5815,0.79275
4,1,24C,3,24,InPhase,Low Light,25,High Herbicide,2,0.6255,0.78825
4,2,24D,4,24,InPhase,Low Light,25,High Herbicide,2,0.69075,0.7265
4,2,24E,5,24,InPhase,Low Light,25,High Herbicide,2,0.72075,0.7535
4,2,24F,6,24,InPhase,Low Light,25,High Herbicide,2,0.776,0.7745
4,3,24G,7,24,InPhase,Low Light,25,High Herbicide,2,0.712,0.79525
4,3,24H,8,24,InPhase,Low Light,25,High Herbicide,2,0.72875,0.6815
4,3,24I,9,24,InPhase,Low Light,25,High Herbicide,2,0.606,0.80125
4,4,24J,10,24,InPhase,Low Light,25,High Herbicide,2,0.74075,0.80325
4,4,24K,11,24,InPhase,Low Light,25,High Herbicide,2,0.73875,0.78475
4,4,24L,12,24,InPhase,Low Light,25,High Herbicide,2,0.74575,0.818
6,1,24A,1,24,InPhase,Low Light,25,High Herbicide,2,0.1535,0.775
6,1,24B,2,24,InPhase,Low Light,25,High Herbicide,2,0.09625,0.79275
6,1,24C,3,24,InPhase,Low Light,25,High Herbicide,2,0.5465,0.78825
6,2,24D,4,24,InPhase,Low Light,25,High Herbicide,2,0.2665,0.7265
6,2,24E,5,24,InPhase,Low Light,25,High Herbicide,2,0.3145,0.7535
6,2,24F,6,24,InPhase,Low Light,25,High Herbicide,2,0.55225,0.7745
6,3,24G,7,24,InPhase,Low Light,25,High Herbicide,2,0.6455,0.79525
6,3,24H,8,24,InPhase,Low Light,25,High Herbicide,2,0.7005,0.6815
6,3,24I,9,24,InPhase,Low Light,25,High Herbicide,2,0.66425,0.80125
6,4,24J,10,24,InPhase,Low Light,25,High Herbicide,2,0.248,0.80325
6,4,24K,11,24,InPhase,Low Light,25,High Herbicide,2,0.411,0.78475
6,4,24L,12,24,InPhase,Low Light,25,High Herbicide,2,0.6175,0.818
7,1,24A,1,24,InPhase,Low Light,25,High Herbicide,2,0.19525,0.775
7,1,24B,2,24,InPhase,Low Light,25,High Herbicide,2,0.5985,0.79275
7,1,24C,3,24,InPhase,Low Light,25,High Herbicide,2,0.081,0.78825
7,2,24F,6,24,InPhase,Low Light,25,High Herbicide,2,0.51025,0.7745
7,2,24D,4,24,InPhase,Low Light,25,High Herbicide,2,0.613,0.7265
7,2,24E,5,24,InPhase,Low Light,25,High Herbicide,2,0.5895,0.7535
7,3,24G,7,24,InPhase,Low Light,25,High Herbicide,2,0.5685,0.79525
7,3,24H,8,24,InPhase,Low Light,25,High Herbicide,2,0.374,0.6815
7,3,24I,9,24,InPhase,Low Light,25,High Herbicide,2,0.54925,0.80125
7,4,24L,12,24,InPhase,Low Light,25,High Herbicide,2,0.6485,0.818
7,4,24J,10,24,InPhase,Low Light,25,High Herbicide,2,0.21225,0.80325
7,4,24K,11,24,InPhase,Low Light,25,High Herbicide,2,0.30425,0.78475
2,1,25A,1,25,OutPhase,Medium Light,75,Medium Herbicide,1,0.1655,0.78225
2,1,25B,2,25,OutPhase,Medium Light,75,Medium Herbicide,1,0.604,0.75725
2,1,25C,3,25,OutPhase,Medium Light,75,Medium Herbicide,1,0.43775,0.80775
2,2,25D,4,25,OutPhase,Medium Light,75,Medium Herbicide,1,0.699,0.715
2,2,25E,5,25,OutPhase,Medium Light,75,Medium Herbicide,1,0.66925,0.7045
2,2,25F,6,25,OutPhase,Medium Light,75,Medium Herbicide,1,0.65975,0.77275
2,3,25G,7,25,OutPhase,Medium Light,75,Medium Herbicide,1,0.664,0.8015
2,3,25H,8,25,OutPhase,Medium Light,75,Medium Herbicide,1,0.60775,0.77075
2,3,25I,9,25,OutPhase,Medium Light,75,Medium Herbicide,1,0.69575,0.797
2,4,25J,10,25,OutPhase,Medium Light,75,Medium Herbicide,1,0.63775,0.7795
2,4,25K,11,25,OutPhase,Medium Light,75,Medium Herbicide,1,0.60475,0.762
2,4,25L,12,25,OutPhase,Medium Light,75,Medium Herbicide,1,0.702,0.80375
4,1,25A,1,25,OutPhase,Medium Light,75,Medium Herbicide,1,0.13475,0.78225
4,1,25B,2,25,OutPhase,Medium Light,75,Medium Herbicide,1,0.67825,0.75725
4,1,25C,3,25,OutPhase,Medium Light,75,Medium Herbicide,1,0.56925,0.80775
4,2,25D,4,25,OutPhase,Medium Light,75,Medium Herbicide,1,0.679,0.715
4,2,25E,5,25,OutPhase,Medium Light,75,Medium Herbicide,1,0.54425,0.7045
4,2,25F,6,25,OutPhase,Medium Light,75,Medium Herbicide,1,0.70575,0.77275
4,3,25G,7,25,OutPhase,Medium Light,75,Medium Herbicide,1,0.74025,0.8015
4,3,25H,8,25,OutPhase,Medium Light,75,Medium Herbicide,1,0.6985,0.77075
4,3,25I,9,25,OutPhase,Medium Light,75,Medium Herbicide,1,0.75425,0.797
4,4,25J,10,25,OutPhase,Medium Light,75,Medium Herbicide,1,0.729,0.7795
4,4,25K,11,25,OutPhase,Medium Light,75,Medium Herbicide,1,0.671,0.762
4,4,25L,12,25,OutPhase,Medium Light,75,Medium Herbicide,1,0.75075,0.80375
6,1,25A,1,25,OutPhase,Medium Light,75,Medium Herbicide,1,0.108,0.78225
6,1,25B,2,25,OutPhase,Medium Light,75,Medium Herbicide,1,0.46025,0.75725
6,1,25C,3,25,OutPhase,Medium Light,75,Medium Herbicide,1,0.4915,0.80775
6,2,25D,4,25,OutPhase,Medium Light,75,Medium Herbicide,1,0.532,0.715
6,2,25E,5,25,OutPhase,Medium Light,75,Medium Herbicide,1,0.6215,0.7045
6,2,25F,6,25,OutPhase,Medium Light,75,Medium Herbicide,1,0.67025,0.77275
6,3,25G,7,25,OutPhase,Medium Light,75,Medium Herbicide,1,0.378,0.8015
6,3,25H,8,25,OutPhase,Medium Light,75,Medium Herbicide,1,0.1925,0.77075
6,3,25I,9,25,OutPhase,Medium Light,75,Medium Herbicide,1,0.406,0.797
6,4,25J,10,25,OutPhase,Medium Light,75,Medium Herbicide,1,0.3765,0.7795
6,4,25K,11,25,OutPhase,Medium Light,75,Medium Herbicide,1,0.37375,0.762
6,4,25L,12,25,OutPhase,Medium Light,75,Medium Herbicide,1,0.66725,0.80375
7,1,25A,1,25,OutPhase,Medium Light,75,Medium Herbicide,1,0.414,0.78225
7,1,25B,2,25,OutPhase,Medium Light,75,Medium Herbicide,1,0.66275,0.75725
7,1,25C,3,25,OutPhase,Medium Light,75,Medium Herbicide,1,0.348,0.80775
7,2,25F,6,25,OutPhase,Medium Light,75,Medium Herbicide,1,0.4095,0.77275
7,2,25D,4,25,OutPhase,Medium Light,75,Medium Herbicide,1,0.60725,0.715
7,2,25E,5,25,OutPhase,Medium Light,75,Medium Herbicide,1,0.707,0.7045
7,3,25G,7,25,OutPhase,Medium Light,75,Medium Herbicide,1,0.55025,0.8015
7,3,25H,8,25,OutPhase,Medium Light,75,Medium Herbicide,1,0.2815,0.77075
7,3,25I,9,25,OutPhase,Medium Light,75,Medium Herbicide,1,0.65,0.797
7,4,25L,12,25,OutPhase,Medium Light,75,Medium Herbicide,1,0.75875,0.80375
7,4,25J,10,25,OutPhase,Medium Light,75,Medium Herbicide,1,0.5685,0.7795
7,4,25K,11,25,OutPhase,Medium Light,75,Medium Herbicide,1,0.29925,0.762
2,1,26A,1,26,OutPhase,Low Light,25,Medium Herbicide,1,0.4825,0.75075
2,1,26B,2,26,OutPhase,Low Light,25,Medium Herbicide,1,0.72175,0.73
2,1,26C,3,26,OutPhase,Low Light,25,Medium Herbicide,1,0.5735,0.77725
2,2,26D,4,26,OutPhase,Low Light,25,Medium Herbicide,1,0.76075,0.775
2,2,26E,5,26,OutPhase,Low Light,25,Medium Herbicide,1,0.7445,0.7615
2,2,26F,6,26,OutPhase,Low Light,25,Medium Herbicide,1,0.7655,0.76325
2,3,26G,7,26,OutPhase,Low Light,25,Medium Herbicide,1,0.75975,0.75875
2,3,26H,8,26,OutPhase,Low Light,25,Medium Herbicide,1,0.7425,0.76775
2,3,26I,9,26,OutPhase,Low Light,25,Medium Herbicide,1,0.745,0.7915
2,4,26J,10,26,OutPhase,Low Light,25,Medium Herbicide,1,0.698,0.78225
2,4,26K,11,26,OutPhase,Low Light,25,Medium Herbicide,1,0.76375,0.81325
2,4,26L,12,26,OutPhase,Low Light,25,Medium Herbicide,1,0.731,0.756
4,1,26A,1,26,OutPhase,Low Light,25,Medium Herbicide,1,0.49425,0.75075
4,1,26B,2,26,OutPhase,Low Light,25,Medium Herbicide,1,0.75675,0.73
4,1,26C,3,26,OutPhase,Low Light,25,Medium Herbicide,1,0.09875,0.77725
4,2,26D,4,26,OutPhase,Low Light,25,Medium Herbicide,1,0.2715,0.775
4,2,26E,5,26,OutPhase,Low Light,25,Medium Herbicide,1,0.684,0.7615
4,2,26F,6,26,OutPhase,Low Light,25,Medium Herbicide,1,0.776,0.76325
4,3,26G,7,26,OutPhase,Low Light,25,Medium Herbicide,1,0.77425,0.75875
4,3,26H,8,26,OutPhase,Low Light,25,Medium Herbicide,1,0.755,0.76775
4,3,26I,9,26,OutPhase,Low Light,25,Medium Herbicide,1,0.72975,0.7915
4,4,26J,10,26,OutPhase,Low Light,25,Medium Herbicide,1,0.75,0.78225
4,4,26K,11,26,OutPhase,Low Light,25,Medium Herbicide,1,0.78725,0.81325
4,4,26L,12,26,OutPhase,Low Light,25,Medium Herbicide,1,0.7375,0.756
6,1,26A,1,26,OutPhase,Low Light,25,Medium Herbicide,1,0.50075,0.75075
6,1,26B,2,26,OutPhase,Low Light,25,Medium Herbicide,1,0.5765,0.73
6,1,26C,3,26,OutPhase,Low Light,25,Medium Herbicide,1,0.507113636,0.77725
6,2,26D,4,26,OutPhase,Low Light,25,Medium Herbicide,1,0.03625,0.775
6,2,26E,5,26,OutPhase,Low Light,25,Medium Herbicide,1,0.146,0.7615
6,2,26F,6,26,OutPhase,Low Light,25,Medium Herbicide,1,0.68475,0.76325
6,3,26G,7,26,OutPhase,Low Light,25,Medium Herbicide,1,0.501,0.75875
6,3,26H,8,26,OutPhase,Low Light,25,Medium Herbicide,1,0.58,0.76775
6,3,26I,9,26,OutPhase,Low Light,25,Medium Herbicide,1,0.41475,0.7915
6,4,26J,10,26,OutPhase,Low Light,25,Medium Herbicide,1,0.705,0.78225
6,4,26K,11,26,OutPhase,Low Light,25,Medium Herbicide,1,0.7345,0.81325
6,4,26L,12,26,OutPhase,Low Light,25,Medium Herbicide,1,0.69875,0.756
7,1,26A,1,26,OutPhase,Low Light,25,Medium Herbicide,1,0.66175,0.75075
7,1,26B,2,26,OutPhase,Low Light,25,Medium Herbicide,1,0.68975,0.73
7,1,26C,3,26,OutPhase,Low Light,25,Medium Herbicide,1,NA,0.77725
7,2,26F,6,26,OutPhase,Low Light,25,Medium Herbicide,1,0.75225,0.76325
7,2,26D,4,26,OutPhase,Low Light,25,Medium Herbicide,1,0.11925,0.775
7,2,26E,5,26,OutPhase,Low Light,25,Medium Herbicide,1,0.051,0.7615
7,3,26G,7,26,OutPhase,Low Light,25,Medium Herbicide,1,0.655,0.75875
7,3,26H,8,26,OutPhase,Low Light,25,Medium Herbicide,1,0.55225,0.76775
7,3,26I,9,26,OutPhase,Low Light,25,Medium Herbicide,1,NA,0.7915
7,4,26L,12,26,OutPhase,Low Light,25,Medium Herbicide,1,0.73925,0.756
7,4,26J,10,26,OutPhase,Low Light,25,Medium Herbicide,1,0.731,0.78225
7,4,26K,11,26,OutPhase,Low Light,25,Medium Herbicide,1,0.70525,0.81325
2,1,27A,1,27,OutPhase,Medium Light,75,High Herbicide,2,0.67575,0.78075
2,1,27B,2,27,OutPhase,Medium Light,75,High Herbicide,2,0.526,0.76575
2,1,27C,3,27,OutPhase,Medium Light,75,High Herbicide,2,0.4565,0.7785
2,2,27D,4,27,OutPhase,Medium Light,75,High Herbicide,2,0.7065,0.76425
2,2,27E,5,27,OutPhase,Medium Light,75,High Herbicide,2,0.7145,0.78225
2,2,27F,6,27,OutPhase,Medium Light,75,High Herbicide,2,0.70975,0.76025
2,3,27G,7,27,OutPhase,Medium Light,75,High Herbicide,2,0.71975,0.762
2,3,27H,8,27,OutPhase,Medium Light,75,High Herbicide,2,0.66375,0.80575
2,3,27I,9,27,OutPhase,Medium Light,75,High Herbicide,2,0.636,0.803
2,4,27J,10,27,OutPhase,Medium Light,75,High Herbicide,2,0.6505,0.79725
2,4,27K,11,27,OutPhase,Medium Light,75,High Herbicide,2,0.68,0.783
2,4,27L,12,27,OutPhase,Medium Light,75,High Herbicide,2,0.6635,0.7685
4,1,27A,1,27,OutPhase,Medium Light,75,High Herbicide,2,0.71875,0.78075
4,1,27B,2,27,OutPhase,Medium Light,75,High Herbicide,2,0.678,0.76575
4,1,27C,3,27,OutPhase,Medium Light,75,High Herbicide,2,0.668,0.7785
4,2,27D,4,27,OutPhase,Medium Light,75,High Herbicide,2,0.733,0.76425
4,2,27E,5,27,OutPhase,Medium Light,75,High Herbicide,2,0.70375,0.78225
4,2,27F,6,27,OutPhase,Medium Light,75,High Herbicide,2,0.76975,0.76025
4,3,27G,7,27,OutPhase,Medium Light,75,High Herbicide,2,0.74275,0.762
4,3,27H,8,27,OutPhase,Medium Light,75,High Herbicide,2,0.77275,0.80575
4,3,27I,9,27,OutPhase,Medium Light,75,High Herbicide,2,0.67775,0.803
4,4,27J,10,27,OutPhase,Medium Light,75,High Herbicide,2,0.75125,0.79725
4,4,27K,11,27,OutPhase,Medium Light,75,High Herbicide,2,0.7505,0.783
4,4,27L,12,27,OutPhase,Medium Light,75,High Herbicide,2,0.73875,0.7685
6,1,27A,1,27,OutPhase,Medium Light,75,High Herbicide,2,0.297,0.78075
6,1,27B,2,27,OutPhase,Medium Light,75,High Herbicide,2,0.242,0.76575
6,1,27C,3,27,OutPhase,Medium Light,75,High Herbicide,2,0.43,0.7785
6,2,27D,4,27,OutPhase,Medium Light,75,High Herbicide,2,0.24675,0.76425
6,2,27E,5,27,OutPhase,Medium Light,75,High Herbicide,2,0.463,0.78225
6,2,27F,6,27,OutPhase,Medium Light,75,High Herbicide,2,0.39025,0.76025
6,3,27G,7,27,OutPhase,Medium Light,75,High Herbicide,2,0.6225,0.762
6,3,27H,8,27,OutPhase,Medium Light,75,High Herbicide,2,0.6875,0.80575
6,3,27I,9,27,OutPhase,Medium Light,75,High Herbicide,2,0.28225,0.803
6,4,27J,10,27,OutPhase,Medium Light,75,High Herbicide,2,0.63525,0.79725
6,4,27K,11,27,OutPhase,Medium Light,75,High Herbicide,2,0.68925,0.783
6,4,27L,12,27,OutPhase,Medium Light,75,High Herbicide,2,0.65125,0.7685
7,1,27A,1,27,OutPhase,Medium Light,75,High Herbicide,2,0.601,0.78075
7,1,27B,2,27,OutPhase,Medium Light,75,High Herbicide,2,0.5115,0.76575
7,1,27C,3,27,OutPhase,Medium Light,75,High Herbicide,2,0.64875,0.7785
7,2,27F,6,27,OutPhase,Medium Light,75,High Herbicide,2,0.43925,0.76025
7,2,27D,4,27,OutPhase,Medium Light,75,High Herbicide,2,0.553,0.76425
7,2,27E,5,27,OutPhase,Medium Light,75,High Herbicide,2,0.59175,0.78225
7,3,27G,7,27,OutPhase,Medium Light,75,High Herbicide,2,0.73975,0.762
7,3,27H,8,27,OutPhase,Medium Light,75,High Herbicide,2,0.73775,0.80575
7,3,27I,9,27,OutPhase,Medium Light,75,High Herbicide,2,0.544,0.803
7,4,27L,12,27,OutPhase,Medium Light,75,High Herbicide,2,0.71075,0.7685
7,4,27J,10,27,OutPhase,Medium Light,75,High Herbicide,2,0.45975,0.79725
7,4,27K,11,27,OutPhase,Medium Light,75,High Herbicide,2,0.46925,0.783
2,1,28A,1,28,OutPhase,Low Light,25,High Herbicide,2,0.45025,0.763
2,1,28B,2,28,OutPhase,Low Light,25,High Herbicide,2,0.23475,0.76475
2,1,28C,3,28,OutPhase,Low Light,25,High Herbicide,2,0.66875,0.79825
2,2,28D,4,28,OutPhase,Low Light,25,High Herbicide,2,0.69475,0.767
2,2,28E,5,28,OutPhase,Low Light,25,High Herbicide,2,0.7255,0.70225
2,2,28F,6,28,OutPhase,Low Light,25,High Herbicide,2,0.73525,0.766
2,3,28G,7,28,OutPhase,Low Light,25,High Herbicide,2,0.6485,0.7805
2,3,28H,8,28,OutPhase,Low Light,25,High Herbicide,2,0.70275,0.74525
2,3,28I,9,28,OutPhase,Low Light,25,High Herbicide,2,0.7655,0.78625
2,4,28J,10,28,OutPhase,Low Light,25,High Herbicide,2,0.74075,0.7655
2,4,28K,11,28,OutPhase,Low Light,25,High Herbicide,2,0.71225,0.80475
2,4,28L,12,28,OutPhase,Low Light,25,High Herbicide,2,0.73025,0.7965
4,1,28A,1,28,OutPhase,Low Light,25,High Herbicide,2,0.6165,0.763
4,1,28B,2,28,OutPhase,Low Light,25,High Herbicide,2,0.68575,0.76475
4,1,28C,3,28,OutPhase,Low Light,25,High Herbicide,2,0.748,0.79825
4,2,28D,4,28,OutPhase,Low Light,25,High Herbicide,2,0.4495,0.767
4,2,28E,5,28,OutPhase,Low Light,25,High Herbicide,2,0.749,0.70225
4,2,28F,6,28,OutPhase,Low Light,25,High Herbicide,2,0.7025,0.766
4,3,28G,7,28,OutPhase,Low Light,25,High Herbicide,2,0.1405,0.7805
4,3,28H,8,28,OutPhase,Low Light,25,High Herbicide,2,0.45825,0.74525
4,3,28I,9,28,OutPhase,Low Light,25,High Herbicide,2,0.782,0.78625
4,4,28J,10,28,OutPhase,Low Light,25,High Herbicide,2,0.77275,0.7655
4,4,28K,11,28,OutPhase,Low Light,25,High Herbicide,2,0.595522727,0.80475
4,4,28L,12,28,OutPhase,Low Light,25,High Herbicide,2,0.446,0.7965
6,1,28A,1,28,OutPhase,Low Light,25,High Herbicide,2,0.08625,0.763
6,1,28B,2,28,OutPhase,Low Light,25,High Herbicide,2,0.25525,0.76475
6,1,28C,3,28,OutPhase,Low Light,25,High Herbicide,2,0.67525,0.79825
6,2,28D,4,28,OutPhase,Low Light,25,High Herbicide,2,0.3965,0.767
6,2,28E,5,28,OutPhase,Low Light,25,High Herbicide,2,0.624,0.70225
6,2,28F,6,28,OutPhase,Low Light,25,High Herbicide,2,0.3695,0.766
6,3,28G,7,28,OutPhase,Low Light,25,High Herbicide,2,0.365431818,0.7805
6,3,28H,8,28,OutPhase,Low Light,25,High Herbicide,2,0.333,0.74525
6,3,28I,9,28,OutPhase,Low Light,25,High Herbicide,2,0.39,0.78625
6,4,28J,10,28,OutPhase,Low Light,25,High Herbicide,2,0.264,0.7655
6,4,28K,11,28,OutPhase,Low Light,25,High Herbicide,2,0.15175,0.80475
6,4,28L,12,28,OutPhase,Low Light,25,High Herbicide,2,0.47425,0.7965
7,1,28A,1,28,OutPhase,Low Light,25,High Herbicide,2,0.699,0.763
7,1,28B,2,28,OutPhase,Low Light,25,High Herbicide,2,0.67325,0.76475
7,1,28C,3,28,OutPhase,Low Light,25,High Herbicide,2,0.64775,0.79825
7,2,28F,6,28,OutPhase,Low Light,25,High Herbicide,2,0.631,0.766
7,2,28D,4,28,OutPhase,Low Light,25,High Herbicide,2,0.52575,0.767
7,2,28E,5,28,OutPhase,Low Light,25,High Herbicide,2,0.67425,0.70225
7,3,28G,7,28,OutPhase,Low Light,25,High Herbicide,2,NA,0.7805
7,3,28H,8,28,OutPhase,Low Light,25,High Herbicide,2,0.244,0.74525
7,3,28I,9,28,OutPhase,Low Light,25,High Herbicide,2,0.615,0.78625
7,4,28L,12,28,OutPhase,Low Light,25,High Herbicide,2,0.73825,0.7965
7,4,28J,10,28,OutPhase,Low Light,25,High Herbicide,2,0.6055,0.7655
7,4,28K,11,28,OutPhase,Low Light,25,High Herbicide,2,NA,0.80475
